age,sex,bmi,children,smoker,region,charges
19,male,26.26166690075181,0,no,northwest,5684.977599911051
60,male,15.0,3,no,northeast,20325.788738889973
70,female,37.87122957947919,5,no,northwest,31084.03284413333
33,male,18.087776016368498,2,no,southeast,10567.045091452599
19,male,21.60301713914553,0,no,northeast,5347.831351716549
46,female,24.784262519206052,1,no,southeast,11414.297887019555
20,male,31.558423787086888,0,no,southwest,5842.535383920371
24,female,26.539124561273493,0,no,northwest,5951.355364491617
18,male,23.699811436012183,0,no,southwest,5437.775018070494
31,male,27.574222177797854,1,no,southeast,9887.457561580919
21,male,32.00388675684866,0,no,southeast,8431.932961368577
56,female,26.560697705441733,0,yes,northwest,39547.03630338456
79,male,38.942928164523295,1,yes,southeast,57674.00164393196
20,male,28.183736373201643,1,no,northeast,9410.067172315288
18,female,16.145663171625703,0,no,southeast,6071.617191019277
24,male,24.699654502993884,0,no,northeast,7936.0659688623555
46,male,16.350318759838153,0,no,southwest,10177.384247584674
80,male,18.723858855433072,1,yes,northeast,41179.96192600989
31,male,22.712523365295983,3,no,northwest,9220.824547242844
50,female,27.523233689685416,0,no,southwest,10136.356658644607
75,female,20.872403880793268,0,no,southeast,16802.72817714453
58,male,23.13370027281111,1,no,northeast,13796.375487806614
37,female,17.01174168538083,1,no,northeast,10667.402456183312
18,female,24.255225421869895,2,no,northeast,7790.345873039745
18,male,22.242194454814403,0,no,northeast,7811.3465859302305
32,female,42.97615178386445,3,no,northwest,29788.214837169864
18,male,28.06689391704884,0,yes,northeast,22569.2076800994
34,male,20.385754049681605,1,no,northwest,10031.173307467556
44,male,30.72172539263519,1,no,southwest,17612.660542625792
18,male,24.861182199967296,0,no,southeast,6308.8131916940965
38,male,31.156116369856367,1,no,southeast,14240.068711557407
22,male,36.1478726963033,1,no,southeast,15292.144928015321
44,female,15.55413862098006,0,no,northeast,11315.232270667762
80,male,20.57497343296473,0,yes,southwest,24424.41369763924
18,male,30.954999984693703,1,no,northwest,9967.81307283657
18,male,19.60081565876132,0,no,southwest,6815.553810704507
80,female,16.118678955115055,0,yes,southwest,36745.909201625764
52,female,15.190015843844606,0,no,northeast,14826.942436949885
54,male,30.19966131414895,0,yes,southeast,24495.00241650361
18,male,22.556020379191015,0,no,southeast,6781.68228346592
18,male,27.81646156397151,1,no,southwest,8357.492558066024
30,female,37.64467873836409,4,no,northwest,19174.660811223534
22,male,24.35482909134985,1,no,northwest,7686.078757807438
66,female,32.83900841569217,1,no,southwest,16721.26478544006
42,male,22.844148580351206,3,no,southeast,11283.844703145149
18,male,34.08863810849815,0,no,northwest,8424.389480424745
51,male,24.64452787051742,0,no,southeast,13471.558103828307
23,male,23.604470263151768,0,no,southwest,5229.804288752676
18,male,18.2580040971492,0,yes,northeast,21470.720685054104
69,female,19.896425602187648,3,no,northwest,15424.158913140403
52,male,35.92982485806706,0,no,northeast,23520.17611384695
18,male,28.54570041913942,1,no,northwest,6765.354827500561
30,female,25.79733086524529,3,no,southwest,8700.454568936182
26,female,15.18307880668019,0,no,northwest,6274.453676399738
68,female,28.05643959278651,1,yes,northeast,35203.46298976333
35,male,39.93150046854607,3,no,southwest,27807.136283830405
63,male,26.77006295694581,1,no,northwest,12315.932495548986
18,male,23.443897674573037,1,no,southeast,6405.018129725838
51,male,21.10752828620964,2,no,northwest,10302.966399907751
35,male,24.978758367162943,5,no,southeast,16426.99383357205
55,female,23.6989970868309,1,no,southwest,11621.564780961353
80,female,19.074115333875334,0,no,southeast,23323.95472246364
25,female,22.24234769746052,2,no,northeast,11064.345460456645
18,female,19.64982929122582,1,no,southwest,5875.568717734146
69,female,35.09270597083228,1,no,southwest,17343.140413630998
27,male,15.0,3,no,southwest,8342.654808275052
47,male,15.874620399758598,2,no,northwest,12303.073401850832
69,male,21.951273834062,0,no,southwest,15051.796305297394
51,male,27.15027725965081,0,no,northeast,11619.253028443622
20,male,30.730690132194493,0,no,northwest,9116.638344254108
80,male,18.65579318153194,1,no,northeast,20350.084810031003
18,male,18.000690438335738,1,no,southeast,6949.485215893068
53,male,15.0,0,no,northeast,15971.249232658145
55,male,15.0,0,no,southeast,12648.638701388943
41,female,31.907853780618076,0,no,northeast,14280.789531165736
22,female,15.0,0,no,northeast,6268.589597033109
49,female,31.44282547426014,1,no,southeast,12780.781160450919
19,male,25.65306457723447,0,yes,southeast,20371.71431313965
19,female,36.85440004628705,0,yes,southwest,29390.3034961171
39,male,22.386169751190014,2,no,southeast,14017.279176717622
18,female,15.0,3,no,southeast,8777.846238462109
61,male,16.129636503828955,3,yes,southeast,30934.965771731764
18,male,16.248151253839566,0,no,northwest,5490.8207844483195
18,male,15.489925301269851,0,no,southeast,5934.810825034184
52,female,36.06160544169526,0,no,northwest,14449.663804614374
18,female,17.92759515087452,0,no,northeast,8326.194268672052
74,male,26.232111077914798,1,no,southeast,16713.372007417405
22,male,35.19038710036618,0,yes,southeast,38043.73242332855
34,female,19.838544113690528,3,no,southwest,9929.180765371733
60,male,15.0,0,no,southwest,13358.677527950693
38,male,15.0,2,no,southeast,11342.687387435008
48,male,27.018006804901876,2,no,southwest,14592.440612995666
18,female,20.96029420536602,0,no,southeast,3398.686552102029
31,male,45.719253530073864,5,yes,northeast,72774.89739692537
18,male,29.960531583918513,1,no,southeast,8082.704697341543
42,female,21.925267848764257,2,no,northeast,14565.794167946346
59,male,16.170852300273154,0,no,northeast,17388.78559550461
80,female,29.922644964754447,0,no,southwest,14401.849369809384
27,female,36.17960909450357,1,no,northwest,11855.37566214897
80,male,19.090319123178627,0,no,southeast,16909.92194708496
54,male,29.372647663673987,1,no,southwest,13439.834549027279
64,female,25.497623076192927,1,no,northwest,15964.28146083362
33,male,20.728979065450165,2,no,southwest,10154.304864235723
20,female,21.137325936167098,1,no,southwest,5724.427647498323
18,female,37.26432215297072,0,no,southwest,13329.020035370502
52,male,43.38355825571151,0,yes,southeast,64217.59809177305
18,male,15.0,3,no,northwest,9562.143518827783
63,male,24.665489036018084,0,no,northeast,15907.088007701825
34,female,25.048424736859104,2,no,southeast,8333.750694133621
18,male,31.542292565979817,1,no,northwest,10408.78615512759
80,female,34.03054491546486,1,yes,southeast,53203.178987652434
80,female,18.406968458617403,3,no,northeast,17054.570709063762
18,male,33.83781484664957,0,yes,southeast,36364.88609860452
68,female,22.716642292010373,0,no,northeast,12191.317821256593
42,female,18.796471133243262,3,no,northwest,9607.369692026647
29,female,42.0818909946431,0,no,southeast,23998.50495732023
18,female,18.200477172899344,0,no,northeast,6554.534446736781
67,male,37.73266706913458,3,no,southeast,33539.17899690891
26,male,18.62690737870055,3,no,northwest,11562.439334036771
34,male,30.178863819739266,0,no,southeast,11253.490412826795
18,female,18.40029069523038,0,yes,southeast,24489.155069114473
52,male,20.492385805021666,1,no,northwest,11323.490149315354
26,female,17.710959439909633,3,no,northwest,11328.29429576626
18,male,33.40939822820278,1,no,southwest,10781.348317331795
18,female,21.00356590145145,1,yes,southwest,14555.7949960416
41,female,28.541938853540444,2,no,southeast,9593.754930533549
77,male,26.752245156468963,2,no,northeast,27907.861928587812
18,female,22.15943391540284,1,no,southeast,7412.108698309114
54,female,17.958401232773074,1,no,northeast,8970.056047416867
80,male,21.933596020667185,1,no,northeast,19556.105802849324
18,female,19.32035027979233,1,no,southwest,6099.345324689512
80,male,50.0,0,no,southeast,69612.50668399864
76,female,40.165701974481685,1,no,northeast,32999.23498845897
51,female,23.781879947884203,1,no,southwest,10954.507497755989
64,female,33.24123830965976,0,yes,northeast,53807.71059269037
38,female,20.5056343561733,2,no,southeast,12016.112952914124
50,male,17.25893316326674,1,no,southeast,13992.122611367586
80,female,35.967552817257015,0,no,northwest,25992.1372707274
28,female,16.328618901425646,3,no,southeast,11263.904866129393
53,male,28.276249859292626,0,no,northeast,15773.350511403647
18,male,19.96509296891257,0,yes,northeast,22881.655258744988
18,female,20.58428054114948,1,no,northeast,6247.935202135677
61,female,27.487900763441132,1,no,northeast,14641.219781805978
18,male,15.96180391799925,1,no,northwest,5263.700273412865
58,male,17.145627411450736,0,no,northwest,10717.68070228676
59,female,27.83972131171272,3,no,northwest,12646.253692643468
45,male,18.253158248776195,1,no,northeast,9707.642574929725
18,female,15.0,0,no,southeast,5880.76707300387
80,female,32.70014841456777,1,no,northeast,26546.153559640406
18,male,20.509900360598497,0,no,northeast,5574.681282445824
80,male,33.45376433705246,0,yes,northwest,57506.70124430658
18,female,29.24152625301585,0,no,southwest,7073.993857939708
18,male,19.35083290028164,1,no,northeast,8626.766225142992
18,male,17.973171573936504,3,no,southwest,8117.217170292532
80,male,30.872718346599775,0,yes,northwest,40991.85518578216
80,female,26.009261914831228,2,no,northwest,20972.10221445089
18,female,20.419899253177938,0,yes,southeast,15452.440018500001
18,male,22.22356494551457,0,no,southeast,6081.604172125046
28,male,28.769270715774674,5,yes,northeast,44048.9486204314
57,male,19.085402748590493,2,no,southwest,10102.443358657525
32,male,25.74259176299306,3,no,northwest,6630.730854721084
18,male,16.75043619904765,0,no,northwest,5905.799215478015
32,male,31.450586904038722,0,no,southwest,10224.688724287289
23,male,28.448528994381668,0,no,northeast,7363.285203510698
27,female,22.65359665219373,4,yes,northwest,23144.443807122123
24,female,28.15424663283751,0,no,southeast,8519.14367419171
61,female,34.40954769662534,1,no,southeast,21012.402240847732
18,female,24.02608978120055,2,no,northwest,6149.105716353006
80,male,27.35596731199339,0,yes,northwest,41286.18546516397
22,male,20.421421547896102,0,yes,northeast,24475.76361852446
51,male,15.0,1,no,southwest,11994.70336724451
18,male,26.074837957128484,1,no,southwest,7630.6181509751605
33,male,24.884572682554342,2,no,northwest,9764.889127850105
18,female,33.053738102312565,0,yes,northwest,25716.774432029975
80,female,16.359899869294594,3,no,northwest,20413.74583515084
74,female,15.0,1,yes,northwest,35261.56982009834
18,female,23.844479680726064,1,no,northeast,8298.938419619317
35,male,27.73878346972426,1,yes,northeast,28132.868458047615
80,female,25.162518916638366,1,no,northwest,15546.14653661756
62,female,15.0,1,no,southeast,16780.627112803704
20,female,30.82277905378018,1,no,northwest,9032.855793405579
18,male,34.16425984986701,0,no,northwest,10014.977175019327
45,male,32.410216831722686,1,yes,southeast,40140.01291249924
31,female,26.62640027801944,0,yes,northeast,30168.226646269643
41,female,26.904237456257434,2,no,southwest,11299.317063080462
26,female,20.050504613632594,1,no,northwest,6238.756463321728
80,male,26.05614226512648,2,no,northeast,30195.760082814053
18,male,40.66458028903479,1,no,southwest,23707.21542343496
42,male,31.368743915112898,5,no,southeast,20124.665039162257
31,male,15.0,2,no,northwest,9932.027692476273
18,male,21.7591972103286,1,no,northeast,8005.909331572646
42,male,15.261708378454678,4,no,northeast,15446.86687456645
80,male,15.40275401050921,0,no,southeast,19635.419850551203
30,male,30.485189264715377,4,no,southeast,13664.857456912488
30,female,26.906010807895225,1,no,northwest,9085.436862118644
55,female,16.28008352379957,0,no,northeast,12321.649605010161
31,female,23.196381839266735,2,yes,southeast,19228.149427507844
63,male,20.553521826421616,1,no,northeast,20741.417558900706
26,male,23.225000533855333,2,no,southwest,8832.451207888194
18,female,33.71783486916276,0,no,northwest,9989.472467579055
78,male,26.902082097658155,1,no,southwest,20175.159631005954
52,female,19.359794135289054,1,no,southeast,10708.625496309916
38,male,24.549374636057017,4,no,southwest,15028.60485840388
30,male,24.73437592590887,3,no,northwest,10036.975881147579
45,male,33.60447499791356,0,no,southwest,15921.451952079122
18,female,21.315855084889495,2,no,southeast,7656.3468621582915
23,male,19.45743725981506,0,no,northwest,8178.3078074640425
22,female,20.92950552391662,0,no,northeast,7954.988603868894
42,female,18.01146172172146,0,yes,northwest,28823.936653347107
37,female,46.03407125324009,5,no,southwest,59492.93630249784
18,male,30.29638429013148,1,no,northeast,9252.301245525176
80,female,16.256243676419533,1,no,northeast,16353.11794498743
18,female,21.74668847494837,0,no,northwest,5081.054136867489
54,female,26.62726072510617,1,no,northeast,13963.64386048405
21,male,27.492968767873013,0,yes,southeast,23763.517443565604
18,male,24.386700187015386,0,no,northeast,7153.420842214952
42,female,29.28649881049808,1,yes,southwest,26424.106987787673
34,male,15.0,3,yes,northeast,29828.021085888617
19,male,29.246832006713277,0,no,northeast,7592.7817589995075
70,male,23.93125853358816,0,no,northeast,20360.14940866106
74,male,15.641590769752918,3,no,southwest,17549.554676889235
48,female,16.966569715533584,1,no,southeast,13964.73243306073
61,female,23.259675629509832,1,no,northeast,14105.752590568078
18,male,31.136479774583098,0,no,southwest,8382.448485343546
18,female,26.57698242704401,2,no,northwest,7700.793953787178
66,male,19.0018816042587,1,yes,southwest,43604.54881993298
38,male,29.983644185217102,2,no,southwest,11106.801994005837
28,male,17.871205029714535,3,no,northeast,10738.772524595031
24,male,29.665894357187366,0,no,northwest,8006.716623520397
24,female,17.562853323425298,0,no,southeast,6334.0247954816095
43,male,24.025360597621646,0,no,southeast,11131.391246020312
72,male,50.0,0,no,northwest,47663.62241254917
80,male,22.12660682219079,1,no,southwest,19129.65534207398
19,female,20.37010452454612,2,no,southeast,8084.881967911146
47,male,19.82736991923008,2,no,southeast,13047.564921620911
78,female,24.76468780495802,2,yes,northeast,38119.99229518891
59,female,25.656810288040457,2,yes,southeast,36502.58537089699
51,female,23.54248615374767,0,no,northwest,10978.32886473043
18,male,28.81580928290919,0,no,northwest,6937.596225880423
18,female,25.37950953191611,1,no,southwest,7989.26210825678
18,female,27.049630492588996,0,no,southwest,6325.137021578896
80,female,21.709760842270843,0,no,southeast,21774.74450721371
39,male,22.176523360419964,4,no,southeast,13041.274975216276
57,male,26.556657817177523,1,yes,southwest,30227.674819571228
49,female,16.157954800594446,1,no,southwest,11112.75643255522
60,male,22.114294320847513,1,no,southeast,11473.403448596255
30,female,33.99838854804986,3,no,northeast,12691.757763927593
47,female,30.13468771124252,0,no,southwest,10715.853078128237
49,male,33.478079039686676,3,no,southeast,16449.17824538107
41,male,15.0,1,no,southeast,12218.797098177703
45,female,39.64010197689912,1,no,southeast,24291.783684237646
19,male,19.275126369865536,0,no,northeast,7542.394451610659
25,female,30.627632992524944,1,no,southeast,8772.154936653178
18,male,40.84689443947496,0,no,southwest,20477.934945074805
18,female,22.11930127808148,0,no,northeast,7702.365800868006
45,male,43.972239848850634,0,no,northwest,34049.40665672865
20,male,22.93224693804528,1,no,southwest,6738.449583073161
28,male,28.410999045465182,3,no,northwest,9793.71355127896
80,male,19.03832042447865,1,no,northeast,20431.628323584584
68,female,22.995927302136867,1,yes,northwest,39262.8000558035
18,female,23.006566856598607,0,no,southeast,6038.349192236516
80,female,36.361409539901416,0,no,northeast,27417.34395466305
63,female,21.385433767471007,2,yes,northeast,48133.88977590669
25,female,20.424654152784125,2,yes,southeast,30767.442178468827
39,male,45.625547528337634,3,no,southeast,44169.76464024476
47,female,32.878278633007255,1,yes,northwest,39118.57933419249
27,female,36.99971952818819,1,no,southwest,16272.544299879908
18,female,26.036985727120115,0,no,southeast,5578.59609335034
80,male,23.730383514748997,2,no,northwest,17417.017454136
31,male,28.96084504764426,1,no,northeast,8913.61459776534
26,male,27.66230778172475,4,no,southeast,14999.95310478964
18,female,15.443049545644287,0,no,northwest,4660.974015050676
27,female,20.33015836125023,1,no,southeast,7072.244930930906
18,female,19.462088871136014,2,no,northwest,6799.00287933796
27,male,22.98543323129175,1,no,northeast,12321.903322625021
18,female,17.51314584427575,0,no,northwest,5602.347065511326
75,male,30.53028352591379,4,no,southeast,25417.838481544084
80,female,20.187264481238213,2,no,southeast,21359.84887270902
70,male,20.587074191928625,1,no,southeast,17638.98672418836
18,female,25.903428870897784,0,no,southeast,6617.531817757103
30,male,15.0,2,yes,northwest,23388.08910328615
36,male,40.10527692046238,4,no,northeast,36514.31961615348
18,male,27.078282791656044,0,no,southwest,6505.4194674072405
18,female,23.440977590695557,1,no,southeast,6061.560314594892
24,female,16.95004736555876,0,no,southeast,7290.622676005496
33,female,24.811542590686532,0,no,northeast,9248.164263217792
38,female,25.362353143855,1,no,southeast,9397.111339944102
23,female,23.20163280485534,0,yes,northwest,18662.927761668125
80,female,22.438700662267596,1,yes,southwest,29061.957966929353
45,male,17.827353619613046,1,yes,southeast,30398.84474876705
18,male,24.0919770176753,0,no,southeast,6297.226292872327
78,female,34.994686404825735,2,yes,northeast,63540.41796812622
18,male,20.45961880909102,2,no,northeast,10777.207974254892
58,male,30.564790968692023,0,no,northeast,13943.799972399862
18,male,27.85930006478209,2,no,southwest,9372.979034985256
18,male,32.758814805192856,1,yes,southwest,39640.92027952487
33,female,21.000037183015465,4,no,northwest,9958.926534421524
80,male,22.96195075991333,1,yes,southeast,34825.25297598259
26,female,27.45742868219662,3,no,northwest,8880.376282189256
40,male,26.35258799074687,1,no,southeast,9880.501798931235
25,male,35.416741282840164,0,no,northeast,15908.532960964561
63,male,16.939469976856305,1,no,northwest,15335.593287192665
18,male,30.669102454612723,2,no,southwest,9586.197758557308
48,female,19.268053675118914,4,no,northeast,13255.63833283664
48,male,32.50010264869464,2,no,southwest,16223.098861895582
18,female,24.82457560885756,0,no,northeast,8704.738982165203
52,male,38.141785263539965,0,no,southeast,20645.083952997324
36,female,17.59919134988449,1,no,southwest,9937.301294361238
42,male,19.234388427263465,1,no,northeast,10453.56373209269
34,male,25.125218440297754,4,no,southwest,11181.76561622036
45,male,18.219473616063528,0,no,northeast,12925.751316770338
39,male,20.54493756433416,0,yes,southwest,23469.123465327255
18,female,21.9329368444514,0,yes,southeast,22391.530710447838
24,male,18.29042591878068,1,no,northwest,8989.522694568901
76,female,30.09649434331714,0,yes,southeast,51367.50613307492
20,male,31.56027341656348,0,yes,northwest,31931.350763949908
34,female,21.91803689304732,4,yes,northeast,36249.79812597351
28,male,20.931175474336854,3,no,northeast,13487.500796065533
23,female,24.563680700315825,1,no,northwest,6935.807852293203
22,male,31.599833541107518,0,yes,northeast,39453.631971887255
80,female,23.70314522728894,1,no,southwest,17769.02443828661
18,male,34.58043018869375,1,no,southwest,11219.125227111886
30,female,31.76709347686719,1,no,northwest,11582.217072322459
80,male,23.564608268622248,1,yes,southeast,31890.201096076613
70,male,20.577982592069972,3,no,southeast,19485.704071305547
40,female,27.040549732330067,3,no,northeast,10027.64036963506
45,male,17.182681439474838,1,no,southeast,14808.372717031789
38,female,25.226468332449297,4,no,northeast,17709.452577626926
18,female,18.35723239293851,1,no,southeast,6532.973478836792
67,female,23.857931936948987,3,yes,southeast,34301.64447375896
18,male,15.553863521765303,0,no,southeast,5596.539792525151
52,male,24.63688670661416,0,yes,northeast,36257.29124431851
32,male,31.166790907912816,4,no,southeast,16192.366505662972
60,female,50.0,1,no,southeast,78222.07262838059
18,male,18.283926262528826,0,no,southwest,6250.532333649964
30,male,38.80792021934682,4,no,northeast,29852.184891843786
21,female,17.14391187833345,0,no,southeast,6043.303944437045
18,male,23.701997454548124,0,no,northwest,6024.208536077099
18,male,39.75979396200395,1,no,northeast,24336.33983512347
18,female,23.310934118331446,0,no,northeast,5874.8945085169435
18,female,29.61502663987786,0,no,southeast,4554.660774361522
34,female,19.9313679126996,1,yes,southwest,26567.757137835884
38,female,15.0,3,no,northeast,14106.120385773831
62,female,33.694824646556626,0,no,southwest,13358.606337368095
35,female,35.728184083015904,4,no,northwest,14773.74916982411
18,male,28.76883544348161,0,no,southeast,9024.916148004846
58,male,15.0,2,no,southeast,13543.517199546663
33,male,15.0,1,no,southwest,8886.406258642059
25,male,18.025347009305786,3,no,southeast,10637.320156622878
18,female,21.77588193793573,1,no,southeast,8543.878351345713
80,male,40.289270005980356,3,no,southwest,32599.463110114095
58,male,18.359113580066484,1,yes,northwest,38953.81256578962
18,female,18.79895272830918,1,no,southeast,7726.649524195869
34,male,36.54034770702158,1,no,southeast,18951.25066750088
28,female,31.955490613411353,0,no,northeast,13744.54974631765
52,male,30.167021883808008,1,no,northwest,10310.942641686537
18,male,42.80483204394665,0,no,northeast,27516.12594647362
18,female,22.578507731755405,1,no,southeast,6427.4834990573445
80,male,20.444340507508134,0,no,southeast,19220.91764660048
80,male,28.083547729762007,1,no,northwest,14654.707469059696
18,female,27.00412298092267,1,no,southwest,6556.183098077694
18,male,26.815312373084947,0,no,northwest,6868.300562286573
22,male,25.458354054534276,0,yes,northwest,20772.17124178071
38,male,50.0,3,no,southwest,47587.478903227006
18,male,36.92958362387361,0,no,southeast,19035.940266810438
18,female,26.856557079592022,1,yes,northwest,22277.309545584252
32,male,20.878215037825377,5,no,southeast,17767.827731804027
39,female,15.0,3,no,southwest,7713.984053866947
27,female,22.13447486107124,2,no,northwest,9769.293601452788
38,male,20.29015752602036,5,no,northwest,13664.127279348339
50,female,20.08443997982702,1,yes,southwest,20029.573278660984
57,male,15.0,1,yes,southeast,31310.161158859017
18,female,18.490047202504584,0,no,southeast,5218.691291329465
18,male,15.0,0,no,southeast,6371.3531281627
24,male,22.807322355315122,0,no,southeast,7396.040128043939
24,female,25.162418291001963,0,no,northeast,7556.872226012142
80,male,24.24066718302418,1,no,southwest,17108.07375329266
21,male,15.0,1,no,northwest,6240.942267625481
18,female,23.634659720044034,1,no,northeast,8545.340309378671
19,male,15.0,1,no,northwest,6447.759766733581
53,male,15.0,1,yes,southeast,40906.11400202286
30,male,28.733663426584357,2,no,northeast,15250.301873686756
18,male,25.096000278895648,0,no,southeast,5607.779935602124
80,female,23.18537285560547,0,yes,southeast,45935.03176804592
80,male,15.0,1,yes,northeast,49389.24021599982
80,female,20.163948008975325,2,no,northwest,15854.462230751467
55,male,36.132521713323094,0,no,southeast,16817.208762109203
68,female,37.41532664317598,2,no,northeast,29015.20302098767
36,female,27.23498940390395,2,no,southeast,12692.601454690619
18,male,19.284776299114835,2,no,southeast,8806.434876617932
18,female,47.41160086037221,0,yes,southeast,74707.4197807672
33,female,47.25358237427999,3,yes,northeast,88934.23639388473
29,male,21.219378792479613,3,yes,northeast,26581.358692040863
18,male,23.313772787503616,1,no,southeast,7487.38061896206
21,female,26.438606419281623,0,no,southeast,4403.975883317034
18,male,23.75565411760735,0,yes,northeast,22072.750048932692
51,female,26.12364975928847,2,no,southeast,12230.29999635595
23,male,36.355672691468854,0,no,southeast,14912.542227426544
80,male,33.36584412579158,2,no,southeast,24708.129877993764
27,male,33.20968454602262,0,no,southeast,13841.610999662877
38,male,15.0,2,no,northwest,10459.794114275968
47,male,30.200447034717072,0,no,southeast,11967.801644971029
18,male,20.96652678675316,3,no,northeast,12126.149323526746
56,female,31.216488187827483,0,no,southwest,11959.875107700787
18,male,28.529171083211747,0,no,northwest,6677.071589618598
46,female,27.509193301772903,0,no,southeast,11616.589087946488
80,female,32.2669058923233,2,no,northwest,18736.423560086663
18,female,19.03535555460807,0,no,southeast,5529.366990595291
80,female,23.45078246981749,2,no,northwest,13621.807279587747
18,male,20.40343066922279,1,no,southwest,7147.094246382867
18,female,31.86980787523681,0,yes,northwest,28973.08021022907
39,male,15.0,1,no,northwest,12929.672804385496
39,male,20.220519788088716,2,no,southeast,9869.970974065725
80,female,27.917639402662928,3,no,southeast,18199.253022124867
33,male,30.782504913193375,5,no,northeast,17284.880897674102
46,male,16.970335523535965,1,yes,southeast,25697.54392568343
30,male,15.629166520618158,1,no,northwest,9897.000626994926
30,male,15.0,0,no,southeast,9188.28172011299
80,male,21.027472814632954,1,no,southeast,12695.39055711057
18,male,29.249127381385836,0,no,northwest,5729.660761737528
22,male,32.79735287843643,1,yes,southeast,29682.66884315794
60,male,30.529162012592124,0,yes,southwest,49644.980783244544
18,female,19.95209872852032,0,yes,northwest,21165.097309708035
70,female,20.857173467360695,0,no,northeast,17961.09292212652
18,male,28.85469031264375,1,no,southeast,6619.6603580252995
45,male,30.91449175771664,1,yes,southwest,27924.896622456443
61,female,26.20081982112488,0,no,southwest,12033.797903064213
47,male,32.68809537850718,1,no,northwest,13360.681872292076
59,male,23.943244340076415,1,no,northeast,16210.765023130725
49,male,28.84931886694363,1,no,northwest,10202.09268304224
18,male,19.462270703145006,0,no,southwest,7393.323404044799
77,female,21.4605611571318,1,yes,southeast,30938.139289121063
26,male,20.55697564055028,1,no,northeast,6674.150962412168
18,male,20.35628192455438,1,no,southeast,10088.559691630922
59,female,24.78410273469932,2,no,northwest,14592.31055162721
25,female,20.95360524866406,2,no,northwest,7778.638089244032
28,female,45.184859348378865,1,no,southeast,32475.93725120327
74,male,39.750970532741896,0,no,northeast,41386.940429582144
18,female,32.45097410314328,0,no,northeast,9706.280086236171
18,female,32.032344163379626,1,no,northeast,11424.263246109807
25,male,23.79833890631801,0,no,northwest,7942.589077296776
24,male,24.491641887693635,1,no,southeast,8821.841438792399
20,male,28.962928797731735,2,no,southeast,7073.493281376677
38,male,37.92593996457577,0,no,southwest,15600.54959260493
80,male,24.460181668662347,1,no,southeast,16098.883357416224
54,male,22.689614019763507,0,no,northeast,13421.008683573373
18,female,16.411435503916465,0,no,northeast,6654.04927075126
28,female,27.807457098282093,3,no,northeast,13338.822684467672
24,male,29.884171317440927,1,no,northwest,10046.490483502208
18,female,27.924082509485856,1,no,southwest,5898.136822536554
18,male,33.40249832807572,0,no,northwest,7039.678113127304
18,male,24.061027575068362,0,no,northeast,6641.65220267681
80,male,28.44772126697376,1,no,southeast,20503.730067978708
18,male,47.03918493716294,1,no,southeast,54692.93601096999
59,female,15.0,0,yes,southwest,28545.727347580832
52,female,23.8713081486838,1,no,northeast,13060.944086994428
18,female,21.036094895270566,3,no,northeast,8381.284696900013
42,female,26.062457569756933,3,no,southeast,14814.273032076537
80,male,16.44565804217245,2,no,southwest,21966.81604391667
80,male,40.546842142200454,0,no,southeast,32643.471062648554
80,male,24.03624675431218,0,no,northwest,17567.219681283204
24,female,49.27426771572458,1,no,southeast,53298.33457510181
18,male,33.51585283893164,0,no,southwest,9533.737296877986
22,male,15.764496590446413,1,no,northwest,6149.604341376948
59,male,24.648334660318422,1,no,southeast,14616.198510343018
19,male,21.572161023717666,0,no,northeast,7122.511912213379
46,male,15.0,2,yes,southwest,25317.268630371633
21,female,23.367888821643927,1,no,northeast,6914.656329709647
69,male,41.67717180174259,2,no,northeast,38875.09971848455
52,female,38.040781499432896,0,no,southwest,20667.507253237523
80,male,24.48073555455306,2,no,southeast,20678.25163531679
80,female,22.383337394850464,0,yes,southwest,33969.55722999302
80,male,30.227712973494473,0,no,southeast,21981.815855389694
41,female,24.370893741336353,2,yes,southeast,25377.416960413986
36,male,33.34530445762573,2,yes,southeast,42807.503516681514
33,male,23.45221424723798,4,no,northwest,10772.674070133315
51,female,35.115555019317526,0,no,southeast,20111.79703604679
39,male,22.335994185947357,2,yes,southwest,32544.395011036144
80,female,24.124402146924133,0,no,southwest,18061.44014561569
57,female,32.085177272350506,5,yes,southwest,40667.39956172917
47,female,24.11002369637682,1,no,northwest,10857.679742519984
18,female,19.532682041153436,0,no,northeast,6113.786882573542
47,male,29.895749203234228,1,no,northeast,16235.997084358576
18,male,26.804880581491705,0,no,northeast,8279.176854873756
48,female,25.986295964070713,1,yes,southeast,37208.261101558586
37,male,20.636763622835332,1,no,northeast,9919.437642573293
64,male,32.62258202111376,0,yes,northeast,51120.569142687724
19,male,17.858289709335203,0,no,southwest,6893.091132656969
26,female,19.718886274818075,1,yes,northeast,35330.58329393377
29,female,26.43964152615871,2,no,northwest,6571.154819288721
38,female,23.248129853577762,2,yes,southeast,28735.885888828296
21,male,19.656159514635227,1,no,southeast,7435.583381041349
48,male,29.449343177460143,2,no,southeast,16305.84781380165
18,male,32.82186340427917,0,no,southeast,10661.223687997419
31,male,27.392058158834185,1,no,northeast,11155.450686954257
42,male,27.92898412814553,1,yes,northwest,12847.039885780516
18,male,20.23674383907204,1,no,southeast,8024.61925613889
80,male,19.053869626833396,2,no,southwest,23621.3091332952
45,male,18.207638385530107,1,no,southeast,11753.575843654502
32,male,26.72878263359749,0,no,northwest,7133.698131672181
80,female,20.240299060742593,1,no,southeast,22386.625499803937
18,male,24.38167517667218,1,no,southeast,6324.238874854653
18,female,31.734494967903792,0,no,northeast,11370.511230587143
50,female,17.97725280735955,2,no,northwest,8273.415730900257
18,male,15.0,1,no,southwest,6694.037028135488
28,female,18.077547656148088,1,no,southwest,9178.581274399694
80,female,19.100281751906977,2,no,northeast,25325.669774408943
65,female,23.394673227447512,1,no,southeast,16776.058106436394
18,female,23.171608244541723,0,yes,southeast,22454.263327446948
18,female,37.33181559486784,0,no,northeast,22105.456445430525
18,male,37.6129628027663,1,no,southwest,17119.84837985493
45,male,22.398522116822637,2,no,southeast,9921.25715818459
35,female,25.800776855686014,1,yes,northeast,29530.74796083585
18,female,30.175251537355596,1,no,southeast,7465.716038863913
25,male,17.355202469544935,1,yes,southeast,27459.040173490732
42,male,27.181798164976286,3,no,southeast,9851.45897463375
57,male,20.704003546995363,1,no,southeast,14249.494155789998
19,female,19.804805277285592,1,no,southwest,5429.607614794041
18,female,28.43019242942256,1,no,northwest,7762.239622906453
18,female,15.0,0,no,northwest,5436.379266459184
18,male,20.479341931814734,1,no,southeast,6319.960956127779
45,male,36.155301361444074,0,yes,southwest,47499.61548964126
80,female,26.157674782625246,1,no,northeast,20665.901270860526
80,female,23.601016082808986,3,yes,southwest,48208.413355116325
23,female,17.186068279701388,0,no,southeast,7636.6634016399175
24,male,32.551926547882694,0,no,southeast,10959.575829416995
56,male,15.0,0,no,northeast,13098.432233626638
29,female,15.441590201480306,0,no,northwest,8045.092476420827
66,male,26.210892308059048,1,yes,southeast,28140.326861781556
52,female,30.278819284947833,2,no,northwest,16462.513346559288
80,female,25.751929543008572,0,no,southwest,15591.347412089322
43,male,21.663134174349867,3,no,northeast,18215.041579275432
18,female,32.42153930992761,1,no,northwest,9606.212875403686
31,female,17.234468587652895,2,no,northwest,7408.9559535394355
80,male,27.22861613727649,2,no,northwest,15428.667877820953
18,male,15.0,1,yes,southeast,18100.451200376272
18,female,15.0,1,no,northeast,8960.630642294544
27,female,23.310042362137757,3,no,southeast,12090.943000911326
24,female,17.876154919175875,1,no,northwest,4771.28278497517
49,female,31.875806505814317,1,no,northeast,18560.498363647937
80,male,32.364190652633496,2,no,northwest,19460.874011251453
46,male,23.116376299886674,3,no,southeast,13700.717377072562
35,female,20.518758559953927,1,yes,southwest,22729.88611805949
48,female,27.841675651189284,0,no,southwest,8538.431660141732
32,female,15.901897165231848,0,no,northeast,9959.10236201118
70,male,32.69877071365108,0,no,northeast,17848.689418611353
44,male,27.331756152232174,0,yes,northeast,32891.51301061843
38,female,26.365642791846476,4,no,northwest,7756.59949038825
28,male,38.79957945633944,1,no,southeast,24111.294205844973
20,male,27.791993867358315,1,no,southeast,8459.543946458276
67,male,31.027134264352313,1,no,northwest,18066.27387173225
47,male,20.308400827129134,0,no,southeast,9726.866137360983
55,male,18.06707830788746,0,no,southeast,11672.124033295184
30,male,17.238547311884965,0,no,northwest,6893.112075195415
42,male,23.957460954214582,0,no,southeast,10265.407605938419
33,male,34.810224938680044,1,no,southeast,12139.635133349158
32,female,27.305600502967774,2,no,southeast,11204.923566327161
43,male,45.00515636842477,3,no,northwest,32684.91743584213
34,female,15.0,1,no,northwest,6132.789015919487
18,female,32.699241742528706,0,yes,northwest,32678.981362068014
30,female,27.555756032902757,0,no,northeast,8248.618354634451
27,female,50.0,2,no,southeast,51062.3536347529
80,male,28.32679810299588,1,no,northwest,19076.023922085194
18,male,33.13166751630154,0,no,northwest,7441.755185126457
80,female,17.017030897012887,0,no,northwest,16257.318463384756
18,female,27.335722612566137,1,no,northeast,6851.262165095304
47,male,17.62501285153624,0,no,southwest,10259.238489728956
21,female,21.40365249470372,3,no,northeast,9101.189214856297
60,male,18.81069129618742,0,yes,northeast,42506.7691709111
61,male,27.02127971636502,2,no,southwest,15600.646360145538
79,female,18.21039145339461,2,no,southwest,15867.602608170342
29,male,18.724314019117784,3,no,southeast,9454.987891822851
80,male,31.270519378627288,2,no,southwest,17804.31051873108
18,female,22.856260017686495,0,no,northwest,5053.058957454364
65,male,36.139344662722,0,no,northwest,20310.029923726248
80,female,29.29464610479148,0,yes,southwest,29270.45872155115
74,female,33.46944807427159,3,no,southwest,17711.141090869147
18,female,15.583946445834323,0,no,northwest,4643.534755422082
51,male,40.90411312589653,2,yes,southeast,74707.36181833963
18,female,16.06564193990023,0,no,northwest,4910.215336716143
46,female,20.782759000749888,1,no,northeast,10682.375210862976
18,male,33.07691028433517,0,no,northwest,8701.166567524573
27,female,21.189755786325225,1,no,northeast,6918.512932712267
37,male,16.14104567558131,2,yes,southeast,34067.30323604793
43,male,20.07664271750937,5,yes,northeast,40956.22464309193
29,female,38.65334984296132,1,no,southeast,22533.261236497125
80,female,17.221560231058643,0,no,southeast,13251.090097609753
69,male,25.99174728757792,1,no,northeast,17388.845097828496
80,female,22.351818633700336,1,yes,northwest,43990.47206210878
50,female,24.099122899392672,1,yes,southwest,26278.87626622474
46,female,26.99242581932704,3,no,northeast,17945.429981618952
44,male,22.1058891735613,2,yes,northeast,39085.45488958181
80,male,21.697725898947816,0,no,northeast,17136.592797455996
57,female,33.133586178414795,2,no,southeast,18062.379753145062
80,female,28.539421898661555,2,no,northeast,18001.330614915838
19,female,19.931968523431845,0,no,northeast,7008.302009073169
31,female,17.681386009728943,0,yes,northeast,29197.78571258265
31,female,32.060356917570516,2,no,northwest,9733.021485035037
51,female,26.67642859859618,2,no,southeast,15007.274715447731
68,female,26.820681348239244,0,no,northeast,18589.726883480904
39,female,20.145746943478617,2,no,northeast,12434.292165495419
31,male,28.334443528737875,1,no,northeast,12180.584941754225
80,male,25.734660787566963,2,no,northeast,18616.45105188677
19,male,24.772201172401335,0,no,southwest,7675.923610613622
21,female,35.48099178950296,1,no,southeast,10231.971379265244
46,female,22.96793618294826,0,yes,southeast,25735.322547377942
46,male,24.28411498388155,1,no,northwest,10456.352962856146
18,male,27.521030474389107,0,no,southeast,7453.066882582292
75,female,18.31202645303772,1,no,northwest,15922.130632128934
49,male,27.260641812559427,1,no,northeast,15719.074380729773
18,male,26.231104897639554,1,no,northeast,9174.72142673598
80,male,26.492222032648844,2,yes,northwest,45129.47771041792
32,female,15.0,2,no,southeast,7775.053938246378
18,female,25.333236668597603,1,no,northwest,7580.5816777049995
43,male,40.320598831203185,1,no,northeast,33051.342720430475
43,male,27.792078967941613,1,no,southwest,13701.060422955255
24,female,23.907186214237143,0,no,northwest,6942.376673699265
61,female,31.722009440195755,0,no,southwest,15255.129482660901
80,female,15.0,0,no,southwest,13764.22526008603
22,female,22.521529601694606,1,no,southeast,5780.712676575045
37,male,26.77020242236049,4,no,southwest,12710.334213416265
42,male,18.56656487146631,2,no,northwest,10073.4406587979
69,female,18.209130522071447,0,no,southwest,16453.04614965773
30,male,15.0,2,no,southeast,10207.75482092501
18,male,21.04095828331593,1,no,southeast,6898.935390217678
38,female,28.273118718900704,2,no,southwest,9473.983678582872
18,female,20.093036465989872,1,no,northeast,7278.034713301891
37,female,21.68655577590925,2,no,southeast,6937.158075923142
33,female,23.08637765975626,1,no,southeast,7906.8778279951475
35,male,34.59842886490851,2,no,northwest,15999.149039840626
36,female,35.069287815489524,1,no,northwest,14148.787018674282
18,male,39.159253526928254,0,no,southeast,23575.97061619978
18,male,21.773553516876376,1,no,southeast,3740.358799362408
18,male,16.37157969918048,2,no,northeast,9617.683769215531
34,male,34.410876714884026,1,no,southeast,15206.083212102549
52,male,25.48001093451496,1,no,southeast,13766.99593701434
53,male,39.73663236829762,0,yes,northeast,61487.349622192894
28,male,26.6726832842385,1,no,northeast,13018.846774346453
80,male,26.124152487236927,0,yes,southwest,31853.496180748585
36,female,27.604867476044703,1,no,northeast,12549.517395412511
18,female,22.946921538815033,0,no,northeast,5339.323098528611
53,male,22.426548731308284,1,no,southeast,12427.836682000821
53,male,36.50987701494192,0,no,southwest,23234.222846849232
21,female,15.0,0,no,southeast,7274.003804822158
67,male,18.308953304530675,1,no,southeast,15900.12474565378
18,male,33.383720983974285,0,no,southeast,11530.616145244541
18,female,17.533900202343318,0,yes,northeast,19648.38733244661
80,male,24.113763790165052,1,no,northwest,17981.851228006635
18,female,42.11605533142366,2,no,northeast,34132.778530483236
18,male,45.269015415154364,0,no,northwest,35550.78898607494
31,female,23.232804783971623,3,no,northeast,10691.561154444935
49,male,22.29529133839863,0,no,northwest,10783.016022356116
18,male,24.54444877205329,0,no,northwest,4935.253668069107
18,female,24.168157326390496,0,no,northwest,5892.827532415173
32,male,21.800677410950716,1,no,southeast,9029.832333254624
32,female,24.64821960596054,3,no,southeast,13699.313783740903
18,female,25.479655771761497,0,no,northwest,5896.54039987927
31,male,22.591174215666307,0,no,southwest,7674.977158725819
18,male,32.85443274618885,1,no,northeast,11310.838937919594
29,female,21.18847021534392,4,no,southwest,9343.701869461152
62,male,25.90196469637329,0,yes,southeast,32801.64921706664
18,male,15.0,1,no,southwest,7625.169959024518
18,male,35.81818680626126,0,no,northeast,16853.431841736478
76,male,27.832652708574145,0,yes,southeast,47391.91728449026
32,male,26.500396393001584,3,yes,northeast,30514.96719691718
18,male,19.419819602259523,0,no,northwest,6483.715318867423
49,female,22.775246686062513,1,no,southeast,14411.941974468453
60,male,21.759061280203305,2,no,northwest,12637.48468318252
49,male,19.190560010412707,2,no,southwest,10091.643460097757
51,male,24.675586926280143,1,yes,northwest,31569.605824763214
19,female,15.108144416954032,1,no,northwest,4998.731241253638
48,female,24.726150934083744,1,yes,northwest,32234.325544066054
42,male,24.512033660924867,0,yes,southeast,29110.955805918627
45,male,19.538178488038465,1,yes,southeast,32240.214159592557
37,male,26.04503606190268,1,no,southwest,11554.631217578499
18,female,28.66455534542431,0,no,southeast,7092.809753534396
37,male,23.500514755292425,1,no,southeast,10542.507473263628
18,male,25.334091392986302,2,no,southeast,8911.533214579065
29,male,28.896948868477846,2,yes,southwest,28732.57128906625
73,male,19.465426854082175,0,no,northeast,19198.19151619585
70,male,25.771994802684347,1,no,northeast,20345.36829229313
42,female,18.349205424518967,5,no,northeast,16784.006413361723
54,female,20.614508009209263,1,no,southwest,9857.943740492656
51,male,17.77678517308166,0,no,southeast,12895.89258032712
22,female,24.434806442928583,1,no,northwest,6493.679228536441
80,male,27.892122981317904,1,no,southeast,21454.784392859117
18,male,22.304642760337927,0,no,southeast,5205.421109122908
18,female,29.863026668746844,0,yes,southwest,23424.849589483572
50,female,21.128259262429694,1,yes,southeast,32301.004296239273
18,female,23.638608202395407,2,no,southeast,8311.125517745215
18,female,27.96074976307704,0,no,southeast,6345.407879455623
35,male,22.02081669463046,2,no,southeast,9068.33182843923
18,male,24.428984342845624,0,no,northwest,5728.304501380294
39,male,21.21618749979784,1,no,southeast,6781.699946207935
80,female,15.0,1,no,northeast,22848.524596872587
80,male,22.00049606808304,2,no,northwest,19827.752148916254
32,female,24.204343268479533,3,no,southeast,10544.421204155251
41,female,19.007609830507445,1,no,northwest,8458.863045749913
73,female,31.733396624203113,2,no,northeast,18798.461743111187
22,male,16.250800426136585,1,no,northwest,6253.990544758468
59,male,32.45772332297576,1,no,southeast,18033.58049401581
26,female,50.0,2,yes,southeast,84130.67591881199
32,female,37.26126731638591,2,no,southwest,16993.868648610645
31,female,32.73995366568296,3,no,northeast,16526.747357467753
29,male,20.44540808417299,5,no,northeast,10509.894996146344
40,female,31.376131358178593,1,no,northwest,9311.458129789917
80,female,17.76084404975361,1,yes,southeast,42122.609591075234
49,male,30.571382044355044,1,no,southeast,14984.051193374213
29,female,31.288155070730184,1,no,southwest,10106.638381204306
80,male,24.11373006415418,0,no,southeast,14270.676702582132
21,male,24.42772833172057,0,no,northeast,5746.600429215359
58,female,28.61938654091084,1,no,southeast,10313.646551811697
80,female,26.053129345851225,0,no,northwest,19651.50960581745
18,male,21.870853130947502,0,no,southeast,6691.448015070606
34,female,17.223376082735914,3,yes,southwest,21571.811291078695
18,male,18.183895185841063,0,no,southeast,6139.59722629667
21,male,19.857494038612295,0,no,northwest,7425.269578566179
80,male,36.058587924571654,0,no,southeast,32569.138314636803
18,female,16.931220105188633,0,no,northeast,6750.121691660886
30,male,16.602007223966027,4,no,northeast,14926.481806542957
18,male,23.067271487107973,0,no,northeast,6896.034988031184
32,female,17.17114331225721,0,no,northeast,10764.96135843814
18,female,17.900220003180596,0,yes,northwest,14509.257082269027
20,female,27.828410599801213,0,yes,southwest,21879.917177465977
25,female,27.41426688134082,2,no,southeast,10536.821489138678
18,male,36.92057027733609,1,no,southeast,19328.007487329305
18,female,39.559307418475434,0,no,northwest,18935.247337934463
70,male,17.594146518020604,1,no,southeast,17355.636367506188
80,male,28.328043896844466,2,yes,northwest,42602.42013488172
23,female,25.12062479493269,0,no,southeast,8394.990297365952
34,male,33.82193471485955,1,no,southeast,13466.223395241886
44,female,50.0,0,no,northeast,67475.284983433
80,female,20.81221159921689,1,no,northeast,15592.00273842341
72,male,17.873303108135183,1,no,southeast,13822.93705950941
23,female,38.2670124195626,1,no,northeast,22254.71040106337
27,male,34.023621769366116,3,no,southeast,17887.335357416232
76,male,23.453454190430854,0,yes,southeast,47587.52602405031
18,male,23.398593296689477,0,no,northeast,7453.870301553077
53,male,18.836072344277508,0,yes,northwest,32503.737814020562
47,female,17.117318717688082,2,no,southeast,11895.40204002108
25,male,23.488915435474226,2,no,southeast,7013.644385502963
67,male,19.243738857573703,0,no,northeast,18391.18040142097
37,female,28.144210939578908,1,no,southeast,12067.85244861231
18,female,15.0,0,no,northeast,7184.209681611705
27,female,20.075425227394675,1,no,southeast,8660.662274281513
18,male,40.476471624258146,0,no,northwest,26237.642013151395
29,female,25.077200765143633,3,no,northeast,12793.234321760523
80,female,41.2376176497446,2,no,southwest,37084.22035009084
18,male,38.58020434120027,0,no,southeast,15778.155365073864
46,female,29.6894072877562,1,no,northeast,11219.842389293091
23,male,15.467244983896135,2,no,northeast,8683.889852034948
57,male,19.1621984730441,1,no,southeast,12727.878919900744
24,male,21.13072728343506,0,no,northwest,5185.483746431653
67,male,17.02922502019764,1,no,southwest,13007.320101867166
30,male,39.8407402380679,1,no,northeast,27828.622024936143
47,male,29.33106722966606,3,yes,northwest,32706.96575319206
80,male,34.31524445700735,1,no,northeast,29536.304581599623
73,female,24.472891596489703,3,no,southwest,14951.51811435693
80,female,22.57280615610878,3,no,southeast,10085.497851106586
36,male,16.17779195658529,0,yes,southeast,25674.0256981152
78,male,16.139395996019335,0,no,southeast,17268.431523331237
61,male,20.762830147809062,2,no,northeast,22688.862756113558
18,male,29.112049554386576,0,no,northeast,9035.187121279445
65,female,23.71139670614411,0,no,southwest,12038.471087982767
80,female,15.0,1,no,southwest,13801.296946492508
50,female,27.362985043106185,0,no,northeast,9416.812304942103
37,female,18.000750066186413,1,yes,southwest,33119.151185343784
47,female,23.47270874759227,0,no,northeast,9492.007241839565
63,male,26.251639833485154,0,no,northeast,16283.290009012191
18,male,22.7079220898536,0,no,southeast,7483.688113778889
43,male,35.37781288285653,2,no,southwest,20807.125554555692
51,male,23.89269172931515,1,yes,northeast,38660.44502035073
18,male,26.84002668562217,1,no,northwest,6703.997825868494
56,male,23.86580236055477,0,no,northwest,8703.129219479706
18,male,19.039534269374386,0,no,southwest,5256.42391977096
34,male,16.045362105414476,1,yes,southeast,25317.80492052678
18,male,29.60620865457498,0,no,southeast,7398.175166744863
71,male,21.71350520522415,0,yes,southwest,43658.12410253851
33,female,25.263183857113482,0,no,southeast,8562.251001598295
18,female,25.39995433448831,1,yes,southwest,16533.78740254403
25,male,30.653218777470773,2,no,northwest,9642.159415420681
18,male,50.0,0,no,southeast,62260.66428230302
25,female,45.27039890798477,2,no,northwest,29161.187154935018
56,female,31.484174912175085,0,no,northeast,13265.396529896465
18,female,29.835504230050596,0,no,southwest,6420.368638087923
27,male,27.440075873234274,2,no,southeast,10270.510296570239
50,female,30.007860125209813,2,no,southeast,16020.707200050145
68,male,15.260558250563356,1,no,northeast,19869.611986090225
19,female,20.797533968824663,2,yes,southeast,21540.28250355901
18,male,25.89304269651233,1,no,northeast,7206.213743017388
20,male,21.67752163991936,0,no,northeast,7682.892219922213
26,female,19.445496658607322,1,no,northwest,7927.250450134717
80,male,25.550810159262877,4,no,southwest,21577.935517543236
47,male,39.626438813630614,0,no,southwest,21782.531638028326
39,female,41.176510640751886,4,no,southeast,32833.22925033787
18,male,24.156249411913947,1,no,northwest,5712.84104853022
18,male,33.76928257467045,0,yes,southeast,36106.60691113436
45,female,24.89812500063496,0,yes,northeast,32565.23081799211
68,male,21.660057869925527,3,yes,northeast,43945.24761673499
22,female,39.33521859249218,1,no,northeast,25200.838753285876
35,male,33.69031783952904,5,no,northeast,17140.454406844132
18,male,29.545210083814574,0,no,southeast,7155.901663514379
43,female,28.51714580431871,1,yes,northeast,25049.272442394802
40,male,48.55744977069808,5,no,southeast,49111.89516866616
29,female,29.091061485292027,3,no,northwest,6414.160499045932
52,male,22.84874994853399,0,yes,northeast,39381.32305818748
63,female,34.64246420665155,1,no,southwest,24853.40702705265
80,female,30.432929428121106,1,no,southeast,18010.901955400845
20,male,26.39295628353072,0,no,southeast,6980.157159137653
80,male,18.143630950217723,1,no,southeast,12130.076660022562
43,female,15.0,0,no,southwest,11136.261668679905
38,male,37.9316184296829,1,yes,northwest,47762.53084954304
64,male,28.530555033708954,2,no,northwest,16358.163091608527
60,female,22.726142387542527,2,no,southwest,12742.553059916021
48,male,33.18663252914388,1,no,southeast,14975.16050131131
74,male,32.23734457365816,1,no,southeast,17656.985991612724
18,female,20.781160402658617,1,no,southeast,7367.473670233294
48,male,21.984732142363914,0,no,northwest,10719.91350819854
26,female,34.29673405760372,5,no,southeast,19013.53543423212
47,male,29.062616954491254,1,no,southeast,9564.00512121712
40,male,20.727210836525117,0,no,southeast,8600.72804582137
33,female,15.95950307112627,5,no,southeast,15890.888191616817
18,male,26.41217517190062,1,no,northwest,6362.983772171635
37,male,26.802400025906984,2,no,northwest,9853.852846159147
18,female,22.614821424743113,0,no,southeast,5334.182231241102
80,male,26.512887660188103,3,no,northeast,22261.352239770116
48,male,30.086185356426842,5,no,southwest,20786.13389627252
26,male,19.22387359232813,5,no,southwest,14079.018175887411
31,male,35.077847305381816,1,yes,southeast,43503.52966720899
23,female,29.258751457006092,0,no,northeast,8206.324012656858
18,male,21.130737806058125,1,yes,southwest,26675.67354759536
35,male,22.7348087871843,3,no,southeast,9783.051465607017
44,male,25.162128728820488,5,no,southeast,12157.262130535935
66,male,17.74456201477616,0,yes,southeast,39728.29018911306
19,female,15.337573320807063,0,no,southeast,6223.997750578371
18,female,27.48998122720578,0,no,southwest,7865.917793884557
18,female,30.409705684869063,0,no,southwest,6884.465570034545
38,female,17.368424591274984,4,no,southeast,12212.81075070597
27,male,31.40084596934591,1,no,southeast,12547.472354051008
48,male,17.22202802428535,0,no,southwest,9873.337300731031
34,male,26.239618454404496,2,no,northeast,12669.887326708464
28,male,26.37382588302711,1,no,northeast,9610.706845522403
18,male,31.1231746245909,1,no,southeast,8263.174247626643
51,female,27.644980641508862,2,no,northwest,9193.576375196746
47,male,29.219061136440658,1,no,southwest,10416.704925052552
21,male,28.657939082172035,0,yes,northeast,32503.902395585756
28,male,39.82256204455064,2,no,southeast,17336.997316199446
29,female,24.555707650445544,1,no,northwest,5775.943498828214
24,male,28.134776337032672,0,no,northeast,10648.443821306453
19,female,15.0,1,no,southwest,6400.953009448692
18,female,24.86963155576614,0,no,southwest,5421.422204730833
64,female,25.801121030805977,0,no,southeast,15483.311080402356
20,female,23.776487260079488,0,no,northeast,6108.25106498486
39,male,32.388147248830805,0,no,northwest,13599.627008591397
30,male,24.597261029355913,1,yes,southeast,22876.717619921863
43,female,28.730549670792662,0,no,southeast,10611.458501507535
35,male,20.162621782896075,3,yes,northwest,25904.892592125692
31,female,21.897490670877918,1,no,northwest,5538.365923268433
34,male,26.669073292260702,3,yes,northeast,42952.7976314178
44,female,44.01378117656273,2,no,northeast,36700.51305935324
46,female,15.717629815260567,1,no,southeast,10970.496920949743
18,male,24.995589889465656,1,no,northwest,5917.929174976839
34,female,30.55678178751728,3,no,northeast,13981.194147514143
31,male,37.93911518524341,1,no,southwest,18250.038730699882
69,male,30.92419394704461,3,no,southwest,16495.292402853043
42,male,18.012328595879442,0,yes,southeast,30532.733026330003
33,male,18.974489982268466,4,yes,southeast,32491.25188937907
47,male,16.531295064466725,0,no,southeast,10945.436309295212
32,male,15.0,5,no,northeast,12784.025423651785
24,female,16.657017072120578,0,no,northwest,6849.677424875731
45,female,22.7693479629333,1,no,southeast,9468.461309729933
26,male,33.32989086159067,3,no,northeast,18590.62383053415
80,female,40.06567242167488,3,no,northwest,35869.905487917225
18,male,20.733934957650213,0,no,northwest,5671.608275761952
21,female,15.443057435654378,0,no,southwest,6560.654645996603
21,female,35.52075890629422,0,no,southeast,12633.250952515118
18,female,17.678755065720267,1,no,northeast,6771.313601107139
52,male,23.025095528925494,4,no,southwest,16562.853101640052
23,female,16.888573178796214,0,no,northeast,6860.44867309669
27,male,20.674597642660462,2,no,southwest,9962.786141676635
42,male,24.904993106906065,1,no,northeast,11841.501514646758
18,male,21.224405507972634,0,no,southeast,5894.128076347686
62,female,30.551508906494252,1,no,northeast,16579.3158012127
80,female,33.82919375032142,0,no,northwest,20208.33649104158
22,male,16.787767193053323,1,no,southeast,10241.15711448414
30,female,21.134787772818658,2,no,northeast,8983.565783986312
18,male,28.26043342324388,0,no,northwest,7463.1891425807935
80,female,28.949872259207073,0,no,southwest,16822.817308682952
34,female,30.35028033911825,2,yes,northeast,46793.86105137561
18,male,23.76596161515696,0,no,northeast,7281.703586669695
38,female,24.07576019648009,3,no,southwest,13521.002522671091
27,female,28.47601281165862,3,no,northeast,9193.225432136138
19,male,30.15587887161195,0,no,northwest,5089.890698398203
18,male,15.104398420265225,0,yes,southwest,19916.857539781195
52,male,22.11092981864565,0,no,southeast,12987.529589197555
34,female,19.74322867891739,2,no,northwest,9648.666876333811
18,female,23.232427768177526,0,no,southeast,5802.1896846403315
18,male,20.440782507869105,0,yes,northeast,27520.755953882977
21,female,22.95507444372959,0,no,northwest,6647.793724690408
30,male,21.003157127604705,1,no,northeast,12298.920463292612
18,female,25.696327932240422,0,no,northeast,5991.427253395253
44,male,15.0,4,yes,northeast,39248.45210814312
80,male,25.881877132384847,1,no,northwest,19729.895916937836
80,female,20.407933420062715,0,yes,southeast,38025.67820677295
25,male,28.54109495428552,1,no,southwest,7428.228970377341
18,female,35.884141371014785,1,no,southeast,11713.136233429812
19,male,23.579059842177948,0,no,northeast,7586.709918769413
18,female,21.077584720948607,0,no,southeast,3895.0400997530633
80,female,16.320594807711608,2,no,northwest,20897.56295686062
36,female,21.41109153362212,2,yes,southeast,30746.373206401593
25,female,20.8963185755869,2,no,southeast,6763.192027559777
18,male,26.690368635967573,0,no,northeast,7538.950464908538
48,female,34.08375821842023,0,no,northeast,20354.603470707487
74,female,15.0,2,no,northeast,19883.493681387255
18,female,27.258070442471695,0,yes,southwest,19109.179036478756
32,female,15.500334077452887,3,no,northwest,11005.459284726725
80,male,17.688902719590786,1,yes,southeast,35457.37846618442
37,female,29.76635204984991,1,no,northwest,8857.062871608166
75,male,21.44383409005108,4,no,southeast,25689.97382575562
31,male,17.030838988028098,0,no,northeast,9238.220235094732
39,male,24.065437216899188,0,no,southwest,7372.898672829361
55,female,42.35824852007666,0,no,southeast,33101.79383942584
80,male,19.100518036022283,3,no,northeast,21017.18740381226
26,female,25.913143452104336,2,no,northeast,9995.982020826115
45,male,19.51618708717496,1,no,southwest,12709.798761093878
18,male,17.95631536643125,0,no,southeast,5161.868393347261
20,female,17.12621055914182,0,no,southwest,6383.623866742875
22,female,20.11644354128022,0,no,northwest,5658.902034695151
35,female,26.65493873095647,0,no,southeast,10488.569922093577
64,male,17.341028008519654,1,no,northeast,16282.205776518156
28,female,22.249436542420803,4,no,southwest,10587.340762791326
59,male,26.144216662622167,1,no,southwest,11939.254814700469
26,female,31.837083245766546,2,no,southeast,13841.254535035834
18,female,24.194410485719573,2,no,southeast,7004.4124960879035
27,female,21.23828857481197,1,no,southwest,8624.944737502245
64,female,17.743997073261284,2,no,northeast,16286.065890114854
80,male,22.952652762630304,1,yes,southeast,36736.6185223584
23,male,25.780569759219258,1,yes,northwest,19056.617426558165
20,female,26.09930097486159,0,no,southeast,6824.513106377835
35,male,23.897393666185007,5,no,southeast,12543.962598018783
47,male,26.736568463178703,0,no,southwest,8400.454336084258
80,female,24.094623817366944,0,yes,southeast,33977.95470094574
72,male,16.714736895635102,0,no,northeast,18132.904137497735
18,male,15.654618721480844,0,no,northeast,5735.006222400192
80,male,34.380163774205016,1,no,northwest,22063.65292749583
35,male,40.577475675604106,4,yes,southeast,70410.13700537579
44,male,18.213083322078074,1,yes,southwest,29047.028110134594
18,male,21.841054018535893,0,no,northeast,7376.377089752409
18,male,43.25583794027348,0,no,southeast,23710.090414050355
44,male,50.0,2,no,northwest,50780.33669083366
34,male,24.07233115449616,2,yes,southwest,18562.042163454644
41,female,36.26972644906487,4,no,northwest,22763.921801722434
21,male,21.570909451724113,0,no,northwest,5891.991350304037
39,male,17.924413646910946,2,no,northwest,7768.388417963255
52,female,24.249042486305655,0,no,northwest,8571.962715203665
35,male,36.133757067778966,4,yes,northwest,41819.98458136112
80,female,17.524972749540463,0,no,southwest,13186.25983819889
80,female,34.348503498246124,1,no,northeast,26697.731192181967
57,female,45.96863792194701,2,no,southwest,47273.232617031106
18,female,30.85065881306124,0,no,northeast,5922.324031469284
18,female,50.0,0,no,southeast,37563.72592994779
37,male,29.605540089454866,2,no,northeast,14656.755926891985
20,male,45.26892867234544,1,no,southwest,31240.399650481275
18,male,32.906390122770915,0,yes,southeast,33646.57649310908
44,male,31.033798955518648,5,yes,southeast,54732.01597829719
55,male,30.11329909082783,0,no,northeast,16094.172621446047
68,male,23.64133778404016,0,yes,southeast,36263.858658283614
38,female,34.0963403106983,3,no,northwest,13210.24976583335
59,female,26.109024097174338,0,no,southeast,10697.207062500422
80,male,25.833608930799823,0,no,northeast,23446.52584181488
18,male,32.9803837126702,0,no,northwest,7770.824294939669
22,female,23.378356633099653,1,no,southwest,7477.28737131374
18,female,23.63653442308242,0,no,southwest,4539.663356522265
38,female,26.307667226660758,1,yes,northwest,21101.822867114286
53,female,25.174542369813913,2,no,northeast,17427.76065875815
57,female,21.326967600027285,0,no,northeast,15049.505708876195
33,male,15.038287768703919,0,no,southeast,7314.690392346355
18,female,26.180240208035165,0,no,southwest,5460.887303946362
18,male,34.866112690365405,0,no,northeast,10512.573511057812
64,male,20.82569290721801,0,no,southwest,15766.510934517933
48,female,26.904753903214708,0,no,northeast,12667.808671868192
18,female,18.93386122950808,0,no,northwest,5578.968255805149
58,male,22.318390024979244,1,no,southeast,14097.459300405604
37,male,29.232884289996694,0,no,northwest,10434.05105255317
41,male,28.199689269293263,3,yes,southeast,35123.60562260541
47,male,26.133043277749085,0,no,northwest,10366.79019851251
31,female,32.64653064640205,3,no,northwest,12365.723102836182
25,male,27.106735870216593,0,no,southeast,8730.223448719073
32,female,35.09062089357397,0,no,northwest,11080.950062992662
47,male,30.27160618705138,2,no,southwest,12676.272806140481
48,female,33.655196284141404,1,yes,southeast,53243.2264141287
28,male,23.12036566550627,3,no,southwest,7597.216839055097
35,male,23.50835850366962,2,no,northwest,6952.348634702321
36,female,25.22782372018077,3,no,northeast,14504.050006511043
25,male,35.48345930023681,1,no,northwest,12701.331690597954
51,male,17.117176284772558,1,yes,southwest,26578.14269525358
18,female,20.620026569309047,0,no,southwest,6562.782228366508
56,male,18.44846097024201,2,no,southwest,13913.394849384742
18,male,21.774349973995516,0,yes,northeast,25475.936130411064
18,female,17.778708512105542,0,no,northwest,3546.821247024218
40,female,28.648009225470513,3,no,southwest,12341.091023098195
77,male,36.2722279998075,0,no,southeast,25204.521860435725
75,male,22.417910502700202,1,no,northwest,18512.271062723372
24,male,35.9371309353061,1,no,northeast,16791.111812371124
26,female,19.289129964444957,0,yes,northwest,21652.67551619785
47,male,21.23116625870544,2,no,northeast,18265.751893081888
18,male,40.411720312650054,1,no,southeast,20065.21306690834
60,female,21.860097355005166,1,no,northeast,14608.957575526318
38,female,15.0,2,no,southwest,9060.119353122276
29,female,37.933197931062644,0,no,southeast,18970.516175690278
41,female,19.407373798541368,2,no,northwest,8853.356005883323
40,male,18.63615897178537,1,no,northwest,9215.583981672706
18,male,36.79289389120664,0,no,northeast,14517.63645316023
68,female,34.314396298633035,1,no,northwest,18291.041360660573
20,female,35.74110790341577,0,no,southwest,7968.347219015616
51,male,21.09274440590932,1,yes,northeast,36157.54292251504
18,male,16.008302956508917,0,no,northeast,5364.185392662801
30,female,25.983798751554236,1,no,northeast,8111.800114310718
26,female,32.84930107026815,4,no,northwest,15071.782626802378
25,female,17.17252931405972,0,no,northeast,8414.69200920697
25,female,33.600629278318905,1,no,northeast,11825.914045054724
39,male,20.651125001506347,0,yes,northeast,31383.002995696846
51,male,26.14928721945692,2,no,northwest,14348.677760999331
63,female,25.63812725776085,1,yes,northeast,43115.10707894845
80,female,28.466885695219478,1,no,southeast,19449.482103230952
18,female,32.38520435698786,1,no,southeast,8933.613553834564
22,female,32.63521347284714,0,no,southeast,10030.851067826638
37,male,26.232031773102484,1,no,southeast,8403.839118999844
18,male,33.58479847809802,0,no,northeast,8873.33786193194
35,female,21.69451854147661,3,no,southwest,14084.421636241008
42,female,19.29831618857219,0,no,northeast,11619.197849493226
40,male,16.760089259437294,2,no,southeast,11520.809346352924
18,male,50.0,1,no,southwest,58832.112945808716
48,male,24.36910901515931,1,no,northeast,17766.38795742937
33,female,27.299703371302403,1,no,northeast,8960.408873689732
26,male,20.281603541548346,1,no,northwest,9254.013058699878
77,female,29.17737432657781,1,no,northeast,22762.063027208882
18,female,25.62373636834425,1,no,northwest,6268.758590078394
40,female,20.556234563560263,1,no,northeast,12398.16644527304
30,male,26.66115237244828,1,no,southeast,10887.100745830667
24,male,18.359607059749216,3,no,northeast,10944.421049605091
73,female,15.0,1,no,southwest,10066.521164619335
23,male,19.147389781257118,0,yes,northwest,21150.22694931097
37,male,15.433165474721182,3,no,northwest,11760.751250418003
23,female,25.074771707122377,0,no,southeast,5995.271523001246
72,female,18.871810590096626,0,no,northeast,17387.677491227423
55,male,28.65701981638553,0,no,northeast,11405.816576438161
22,female,19.66752816377107,0,no,southeast,7424.5747162297685
46,female,18.62558829447013,1,yes,southeast,30305.73750926548
18,male,18.25866541968664,4,no,southeast,11086.88554483913
74,male,25.54010405513592,0,yes,southeast,42133.529822845296
64,female,25.369299134251243,1,no,northwest,10202.825510501476
18,female,22.95847756111085,0,no,northeast,6591.796096108002
32,female,19.495111675131593,2,no,southeast,8744.632073561073
21,female,26.38779035492009,1,no,southwest,6027.585301188814
29,female,23.125212154404704,4,no,northeast,14583.457684955169
69,female,26.132513101912846,0,no,southeast,17957.63123967292
57,male,39.515069225452095,1,yes,southeast,63846.143573184396
18,male,15.0,1,no,northeast,6865.0803195366225
59,female,15.655506473555716,3,no,southwest,15877.382767813513
18,female,19.652185976715092,1,no,northeast,7618.512268436634
31,male,22.356231260516008,3,yes,northeast,41391.18370932734
80,male,17.165090157476754,2,no,northwest,18087.58089346928
40,female,21.834601112520954,0,no,southwest,7879.203581760515
18,female,28.876186195492032,1,no,southeast,7039.822092813773
31,female,25.33617743029966,5,yes,southwest,26526.613569940604
23,male,16.4473896504428,0,no,southeast,7326.542028137759
36,male,15.0,0,no,northeast,8463.980126699447
21,female,40.59327457450361,0,no,northwest,18352.75598643143
80,male,19.88917547907231,0,no,northwest,20499.079423066207
31,female,16.085479648260453,4,yes,southeast,21637.4067103962
29,male,17.94347773637167,1,no,southeast,8128.555964556127
41,female,26.13017853472537,2,no,southeast,12174.436808708884
36,male,28.576437424065254,2,yes,southeast,34573.29190097275
18,male,31.168200642262903,0,no,northeast,11337.38647854727
20,male,19.170587366182524,0,no,northeast,8298.973571399934
52,female,36.19130579345481,2,no,northwest,24267.828321218127
18,female,28.29286586257534,0,no,northwest,6638.177005498108
76,male,25.381443028631093,0,no,southeast,15674.371160107781
18,female,27.72725471126091,0,yes,southeast,24047.465673476043
49,male,16.790246454266068,1,no,southeast,11215.241264110227
18,male,19.001185039085783,3,no,southeast,9047.832621128851
18,female,21.258924594954685,0,no,southwest,6256.396120936543
23,male,22.396667559546774,1,no,northwest,6523.949458107427
80,female,20.27476553983443,1,no,northeast,17541.597610905275
68,female,30.230471300148444,1,no,northeast,20307.34325306262
18,male,22.47654700669747,1,no,southeast,6194.693540195278
18,female,24.452680917552133,0,no,northwest,4966.081737665994
18,female,24.30395157347415,1,no,southeast,6185.707341964689
53,female,25.278799659373124,1,no,southeast,14089.784372938091
38,female,27.783209606311207,3,no,northeast,14774.77105875865
21,female,25.65664425403482,0,no,southeast,7584.852841325088
27,male,29.854312690064287,1,no,southwest,6299.98036066122
35,male,15.0,2,no,southeast,12385.663427499272
33,female,21.678777280772966,1,yes,northwest,26309.88125810137
63,female,29.125144798334517,2,no,northwest,10652.673221189301
66,male,21.856910323293747,1,no,northwest,12683.174522618147
80,female,25.658615117601357,0,no,northeast,18734.274137853026
80,female,40.721519204122735,1,no,southeast,39831.87274481182
80,male,42.81952674771312,2,yes,southwest,70361.14793143953
80,male,31.618451606119162,0,yes,southeast,57203.98593030977
18,male,36.02747612348982,0,no,southeast,16026.652794262602
80,female,33.519563980695004,0,yes,northeast,68246.21701260461
39,male,23.045246828606135,0,no,southwest,9603.015372221145
80,male,22.45980457636247,2,no,southwest,10582.334670967592
21,female,15.0,0,no,southeast,6407.445650649022
22,female,18.228980489212997,0,no,northeast,5361.055812529604
40,male,15.199033030706996,0,no,southeast,12027.001186850488
27,female,26.386818967748855,2,no,southeast,9163.657037911571
24,female,21.96209841446901,0,yes,southwest,20386.808291194233
33,female,28.33994880559713,2,no,southeast,11365.732278422329
73,male,26.915820405842705,0,no,southeast,17342.519284536967
27,male,23.214016490038457,4,no,southwest,10699.399211959502
18,male,21.486940281954947,1,no,northeast,5915.107985178455
28,female,25.5645274427602,0,no,northwest,7347.355555485631
35,female,26.902549818727735,2,no,southeast,10163.117549090452
31,male,23.86679572501254,3,yes,southwest,33150.5869106765
22,male,30.7832097230081,0,no,northwest,6870.147295059134
61,male,28.47196831387878,1,yes,northwest,26970.363720609344
24,male,25.13807242555345,1,no,northeast,9450.279436319526
80,female,15.0,1,no,northeast,15884.556624795348
18,male,24.65075637713064,0,no,northwest,6838.418208644684
29,female,26.59673398616373,2,no,northeast,14153.288806394545
27,male,15.0,5,no,northeast,16061.608390011259
18,male,49.02718181314467,0,yes,southwest,76367.44581519606
28,female,29.398051760070953,2,no,northwest,9173.865316017556
80,male,30.200463600448625,1,no,northeast,18800.173084416227
80,male,20.90676685209676,1,no,northeast,13184.086316784058
79,male,28.555435310626265,0,no,southeast,18829.15782958538
18,female,27.516781789630134,1,no,northeast,9624.627505202407
33,female,29.775214333455807,1,yes,northeast,22513.438540319858
18,male,25.136595261637368,1,no,southeast,6840.225532165212
32,male,28.165039857672014,1,no,southeast,8327.644032982485
80,female,34.96929234901066,3,no,northwest,22602.232022891567
18,male,20.500898733167073,0,no,southeast,7265.425119194127
29,male,18.502027581054964,2,no,northeast,12854.427948140059
25,male,31.90780817314222,2,no,northeast,10599.326500403751
80,male,34.353787191237245,2,yes,southeast,88211.13983379758
74,male,30.810466887101366,1,no,northwest,15518.753610565574
18,female,23.980441600445157,1,yes,southeast,21575.286510833692
33,male,23.512736992211416,1,no,southeast,12047.724818873483
37,male,39.62901030964264,4,no,southwest,23501.243054023682
45,male,24.703842382185442,1,no,southeast,9973.199597389754
32,female,15.255246597467755,1,yes,southeast,26724.366120402607
19,male,22.67362022070371,0,no,southeast,5994.65433160126
57,male,15.204222913924584,2,yes,northwest,38910.088443781744
18,male,15.127734671018619,0,no,southeast,5358.465456600936
18,female,31.110886094074775,0,yes,northeast,36467.32811186179
70,female,26.88511903891794,2,no,northeast,19808.745785420135
80,female,15.946305030110633,1,no,southeast,18835.66241541915
29,male,30.732779967983504,1,yes,southwest,34389.377939812715
37,female,22.29870804703461,0,no,northeast,10077.046241746024
80,female,22.632937889689735,1,no,northwest,14415.370556091402
18,female,15.0,0,no,northwest,5848.660166415079
31,female,27.564059132398427,1,yes,northeast,35831.968173121066
43,male,30.25334158679419,0,yes,southwest,34309.050680295586
47,male,27.25156811384836,0,no,southwest,8284.728126344602
54,male,31.373938863319083,0,no,southeast,14457.522309121377
46,female,15.0,0,yes,northeast,33216.13415700594
38,female,20.17607433115413,3,yes,southeast,34322.15023755819
18,male,33.92040727371467,0,no,northeast,12254.929863765976
63,male,15.0,1,no,southwest,17021.171593324594
26,male,25.12693668045188,1,no,northeast,6336.4654643175745
80,female,20.40211077565983,0,no,northwest,15277.708074470189
48,male,23.520855186235217,1,no,southeast,14495.096640337753
18,female,21.677097672898242,1,no,northeast,6361.389469901449
18,male,19.021697867045567,1,no,northeast,8991.78348055587
18,male,31.654603762877933,0,no,northeast,9883.680612127784
37,male,24.46504328457738,5,yes,southeast,46211.353352507314
41,female,34.954193672900864,1,no,southeast,14872.677313520735
39,female,22.10512126912396,1,no,southeast,11483.829634586737
28,female,19.261088507628266,4,no,southeast,13923.89942014552
18,male,27.50568976121581,0,no,northeast,8170.711930463748
21,male,30.369024980180775,1,no,southwest,7011.413273376514
18,female,21.21583452904009,1,no,northeast,8597.120784772645
18,female,18.204547826779276,0,yes,southeast,19867.929779647082
80,male,35.23297544379785,1,no,southeast,30825.03753765524
42,female,20.288020343410476,3,yes,northwest,28718.965168530023
32,male,19.718325459243204,5,yes,southeast,35165.715889570194
33,female,50.0,0,yes,southeast,89258.73064575909
41,female,16.432174600182343,3,yes,northwest,30557.61954224394
30,male,36.9279491004755,0,no,northwest,17613.908191184455
18,male,28.98581664245892,0,no,southwest,8121.395990756748
46,male,18.573465956934704,2,no,northwest,10473.111516556046
36,male,15.515656998489904,0,yes,northwest,24603.09538617864
65,female,48.575823554938424,1,no,southeast,64496.30787939985
80,male,22.31979561956738,2,no,southwest,17763.495757766726
42,male,25.959632317353154,4,no,southeast,14698.416791494348
18,male,28.50395672043234,0,no,southeast,7199.518935474383
75,female,23.29435973277183,1,yes,southeast,35848.75391375548
31,female,26.621693246344876,3,no,northeast,12978.330793558878
49,male,20.131549624401387,0,no,northwest,11526.831838212824
18,female,18.78210670481969,1,no,northeast,7635.3207557525575
20,male,15.647250456375897,1,yes,southeast,25413.508999480327
73,male,18.76819619121204,2,no,northeast,16438.743226904757
50,male,15.0,2,no,northeast,11974.923965415648
63,male,24.870171765926017,2,no,southeast,21545.748826671464
75,male,30.766301670932172,0,no,northwest,18220.704396349665
20,male,29.171991610426083,0,yes,northeast,27120.989291971513
38,male,25.305744841530142,1,no,northwest,9752.270585067421
18,male,20.08238925537754,0,no,southeast,8354.340535109133
32,male,25.864126897570312,2,no,southwest,11015.596324690081
24,male,30.00227987125304,1,no,northeast,9576.487977757228
36,female,29.701495702879363,4,yes,southwest,34970.512224167964
24,male,28.23870129540607,4,yes,northeast,29602.507220738604
59,male,18.44377252692815,0,no,southeast,14751.278244157782
18,male,23.21990272866077,1,no,northwest,5157.736663004664
20,female,18.033652003630056,1,no,northwest,4740.371115912038
54,female,35.72507382622871,1,no,southeast,17482.869761323444
27,female,18.74824601965549,0,no,southeast,6220.75235265377
65,male,17.657028202114336,0,no,northeast,14793.989472003044
60,female,30.47321400792173,0,no,southeast,16271.403672559329
55,male,28.38484674542437,0,yes,southeast,32687.972425912332
18,male,24.880403127614535,1,no,southwest,6719.696105182397
61,female,35.11608952351188,1,no,northwest,18127.63291310112
18,male,37.09717748836145,1,no,southeast,14039.24297379982
26,female,22.21955912131296,1,no,southeast,9337.835317933052
18,male,35.56265702183736,1,no,southwest,12257.30556587665
21,male,31.774594442076207,0,no,northwest,8467.24727923238
19,male,25.070295262286987,1,no,northeast,6489.438992835647
30,male,22.607393414624205,0,no,southeast,9240.45321885051
18,female,20.15180140526064,0,no,southeast,6165.88840815922
79,female,22.889519836887526,0,no,southeast,19546.588608073096
42,male,50.0,2,no,northeast,76978.27606153015
35,male,33.40895341199097,4,no,southwest,19708.45145653754
80,male,17.660741526658907,2,no,southeast,21448.103580259052
19,female,28.442825160005782,0,no,northwest,6682.167355824826
22,male,29.259886306096785,1,no,southwest,9079.292167626369
49,female,29.778952622420636,0,no,northwest,12133.836457039328
55,female,21.54551846200875,1,no,southwest,13558.97135183172
80,male,18.528704243777884,3,no,southeast,25184.54556075184
34,female,36.40304726761748,2,yes,southwest,45533.16985911757
22,female,28.034394808646905,0,no,northwest,5884.814714739849
47,male,15.0,1,no,southeast,13392.708248952344
32,female,22.85589346633494,5,yes,southeast,31083.05038263852
41,male,28.58972080115345,4,yes,southeast,40423.37290444938
29,male,46.827873030616644,3,no,southwest,46324.913354094286
48,female,19.798294485665387,1,no,southeast,11753.750980888804
33,male,36.79109010727207,0,no,southeast,17898.61199344607
46,female,30.804085424911182,0,no,southeast,10326.973053275266
79,female,18.498565523359456,1,no,southeast,18243.124083065588
20,male,35.72183831639534,0,no,northwest,11503.601491286783
44,female,34.11356163839094,1,no,northeast,18021.257273254538
42,male,20.06476797258799,5,no,northwest,14280.854822585858
72,female,17.458923494051945,1,no,northwest,11181.10038912916
34,male,21.16635575831586,0,no,northwest,9930.12384050586
18,female,17.751076777287455,0,no,southeast,6012.349033157937
51,female,42.72604307585672,0,yes,northwest,49626.7820744885
23,male,22.717050201069,1,no,southeast,8498.729537748513
37,male,24.279559239995287,1,no,northwest,11388.954788479372
55,female,26.39195057652969,1,yes,southwest,29389.780158820737
66,male,31.8559441263669,0,yes,northwest,43445.769546828116
80,female,22.119419556794348,0,no,northeast,21085.26306580452
55,female,18.678424706501474,1,yes,southeast,27710.817608003865
18,female,25.301345430222604,1,no,southeast,7023.5159743691665
39,female,17.499701291500653,1,no,southwest,9793.958486418089
47,male,21.523672319408917,1,no,southeast,13067.125748263994
30,female,19.59339839997227,3,no,southwest,11643.908719029056
30,female,27.52956784976474,2,no,southeast,9513.4648559565
67,female,30.54802966241282,1,no,southeast,17297.793095392928
31,female,27.715355513533527,2,no,southeast,11586.636088792256
54,female,24.838285592701304,1,no,southeast,13278.610279602199
33,female,31.318039020250186,1,yes,southeast,31459.438501777022
54,female,33.65614758412653,1,no,southeast,13153.597878782804
39,female,15.0,3,no,southwest,5934.766804155967
18,male,25.095107625009586,1,no,southeast,8270.106195785796
39,male,39.6980366770862,1,yes,northwest,61428.7669179177
52,male,17.662060144520687,1,no,southeast,16864.49347612628
80,female,33.47591735265344,0,yes,southeast,57755.0917323547
41,female,17.41086099101636,1,no,southeast,10760.8992490632
43,female,31.03764534767842,5,yes,northwest,45041.2326847178
71,male,18.507221872658512,0,no,northeast,19460.11069073142
29,female,22.149621048546784,2,no,southeast,9367.186469742908
44,male,28.396562216517918,2,yes,northeast,40385.38517659415
80,male,40.892708994939966,0,no,southeast,37738.206216065715
47,male,29.492360294450176,2,yes,southeast,42551.31724215525
25,female,34.32155132134983,4,no,southeast,13077.381067470149
28,female,18.90098248227001,4,no,northwest,12438.658134867825
70,male,40.52865212453367,0,yes,northwest,62184.34828978522
21,female,24.387280286553267,1,no,southeast,6719.333838854365
42,male,23.762266924904775,4,no,southeast,14228.006732937878
18,male,24.94713988985275,0,no,northeast,5906.16411039195
80,female,19.790202047091288,2,no,northwest,17569.419710403297
40,male,35.07582859154853,3,yes,northeast,45747.2463212571
21,male,23.578828060620182,0,no,northwest,5943.607766304096
18,female,32.08771243955193,0,yes,northeast,31777.585124889323
18,female,37.662214063154074,2,no,northeast,18824.365857248693
80,female,20.867824928666593,1,no,southeast,18502.19452430746
50,male,16.086099229513362,0,no,southeast,8867.134664488243
80,male,33.09193585943151,2,no,southeast,25646.02175482199
18,male,28.883373140619128,1,yes,southeast,23428.219496010817
18,female,15.0,1,no,northeast,7387.219005084891
18,male,27.895234682896476,2,yes,southeast,21653.58684573578
19,male,29.952436709773384,0,yes,southwest,24526.308337005823
80,female,28.62323400227115,3,no,northeast,26842.077926539954
73,female,28.673422311732033,0,no,southwest,16234.050704047004
22,male,21.60386200840231,1,no,southwest,5707.185351657056
36,female,22.784602508428488,2,no,northwest,7359.660796867691
18,female,18.850152879000966,0,no,northwest,4437.009048809449
39,male,22.57259868506024,2,no,southeast,10074.971954981433
27,male,30.293790655889346,2,no,northwest,7654.5665233878735
50,female,29.217603746193525,2,no,southeast,12822.273846046963
18,female,25.96627270284642,0,no,southeast,6316.066751413731
80,male,15.0,1,yes,northeast,55389.80531555622
18,female,29.946451106480122,1,no,southeast,7580.065179932545
80,male,29.005948422314965,0,yes,northwest,40458.785463415086
48,male,45.82354750374117,0,no,southeast,45743.96576519906
28,female,20.512024648838487,1,no,southeast,8366.832282005742
18,male,30.754177511284894,1,no,southeast,7141.081856118535
34,female,15.0,1,yes,southwest,25855.27896154393
39,male,37.567949733136274,0,yes,northeast,36472.6821629919
23,male,37.81037370975125,0,yes,northwest,41142.43827804284
48,female,28.68527633685318,1,no,northwest,11685.826228697159
18,male,15.0,0,yes,northwest,18069.52128968044
34,female,21.298164127195918,4,no,northwest,11332.198989780898
28,female,33.962584854074024,2,no,southwest,12073.694023675645
27,male,15.0,1,no,northwest,5185.648618645784
56,female,34.88415389546577,0,no,northeast,19116.74630563741
18,male,31.580322863181827,0,yes,northwest,46085.978651367346
27,male,24.5422888872012,1,no,northwest,10072.384567772995
18,male,23.534003355386076,1,yes,southeast,22783.646961680177
36,male,25.359682131463394,1,no,northwest,9056.488451593561
80,male,19.19587248182671,1,no,southwest,13077.930457767803
41,male,17.464399849354535,3,no,northwest,11746.153449081792
32,female,15.0,0,no,southwest,6722.650690597508
53,female,15.0,1,no,southeast,10883.333718244687
41,female,16.742063673013472,3,yes,northeast,40126.536288688105
18,female,21.114091366887976,1,no,southeast,6763.2948227746665
44,male,25.716643150231597,1,no,northeast,14942.44741916272
80,male,39.87048364616766,2,no,southeast,38007.95634876029
18,male,15.0,0,no,southeast,8585.99696563292
45,female,23.39573747747252,3,yes,southeast,43048.24597929414
61,male,36.89347735793746,1,no,northwest,18262.65243637695
25,female,23.511870568685346,1,no,northeast,8531.146550773423
54,female,29.079443565046983,0,no,southeast,12821.61838518397
18,male,26.13169354393972,0,no,southeast,6435.146130073778
18,male,15.0,0,yes,southwest,22271.014714603727
29,male,30.58137806177554,3,yes,southwest,41914.13445266046
18,female,30.464773400070182,0,no,northeast,7311.251175165217
47,male,27.8243540597382,0,no,southeast,13201.914413344432
71,male,43.68626446740688,0,yes,northeast,86318.96955948856
56,male,20.81405352373297,0,no,southeast,9716.72891489528
32,female,17.52346703002936,2,no,northwest,9381.360614272378
27,female,30.852226960490857,3,no,northwest,10813.027402565684
18,male,22.69307831100627,0,no,northwest,6052.937796735229
63,female,22.273364636117183,0,no,southeast,12521.679472433805
46,female,27.12162972725545,0,yes,southwest,28936.43898262397
19,male,15.0,1,no,southwest,8451.759104796547
80,female,38.22239382011802,0,no,southwest,24935.363264774292
21,female,33.409228585685476,0,no,northeast,12723.855878103363
76,female,26.258907755707867,2,no,southeast,16639.63171308879
48,male,32.67403648243139,1,no,northeast,19986.384972942302
39,male,19.031009154434965,1,no,southwest,8947.463774461357
80,male,22.284929852289693,0,no,northeast,19389.620109535914
46,female,30.525292218981733,4,no,southeast,15750.076873863818
34,male,25.883570273468024,0,yes,southeast,29512.52603902016
39,female,34.97268498821137,2,no,northeast,12616.362640178835
20,female,21.34090549017119,0,no,northeast,5030.3514719643335
43,male,32.0164934466516,2,no,northeast,15168.719538926232
18,female,21.279550634886046,0,no,southwest,6214.609533569282
30,male,23.129660646999913,0,no,northwest,9137.547673580108
32,female,23.963475147675872,3,yes,northeast,35822.15625200799
18,female,19.419392461091793,1,no,southeast,8429.85572824541
27,female,41.44806180828864,2,no,northeast,27926.791393067557
51,male,27.740427774029833,1,yes,northwest,22529.136901462753
18,female,27.58682663864038,2,no,northwest,8461.356039267877
18,male,19.156006558808812,0,no,northeast,6502.024367916252
43,female,15.751294017538635,5,no,northwest,16531.176983263733
50,male,49.636315641184694,0,no,southeast,50793.18363311658
34,male,28.55614920981788,2,no,southeast,9494.763063888018
18,male,29.899309076912523,0,yes,southeast,16465.9959431242
41,female,22.732928954112406,0,yes,southeast,30458.60049567152
18,female,21.0371038314222,0,no,northeast,5098.982687968781
19,female,23.318876768527478,0,no,northwest,5616.575781375586
39,male,20.781705469094568,2,no,southeast,10943.13218040617
65,male,29.859190302000393,0,no,northwest,15309.405927815851
27,female,21.898673780835992,1,no,southeast,8240.10856423976
33,male,33.07158499071422,4,no,northeast,23516.684937782764
19,female,30.36117732782264,2,no,northeast,14173.186949265046
80,female,32.12391435031952,0,no,northeast,23355.2783795145
80,male,18.971624973678367,0,no,southeast,18141.561207333318
22,female,24.4510313935249,0,no,northwest,5475.011893645786
18,female,21.37898455050124,1,no,northeast,8806.605891225625
34,male,37.0465161233884,1,no,southwest,21211.548141684274
21,male,16.206213683251377,0,no,southwest,6622.4321936168035
80,female,15.0,0,no,southwest,20268.73056896568
56,male,23.944168282634017,1,no,southeast,14900.495100172393
21,female,21.23710447963378,1,yes,southeast,19310.895851670062
50,male,27.599295159432504,0,no,southwest,10181.938140531936
18,male,15.0,0,no,southwest,7523.4503545026455
69,male,15.0,2,yes,southeast,36528.02408634426
20,female,26.93686667819809,1,no,northeast,8639.99513728502
18,female,35.35565720146759,0,no,southeast,9204.066776552298
20,female,36.79352459958423,0,yes,northeast,45481.693253286416
41,male,15.586964783147977,2,no,northeast,16659.3915988582
18,male,19.56693918775161,1,no,northeast,8056.579757100115
25,female,15.261495921384316,3,no,southeast,9213.969433046694
27,male,22.52787588560888,2,no,southwest,8992.190160191989
18,male,30.86934078837935,1,yes,southeast,24651.857478164537
35,male,23.59375154502771,0,no,northwest,7958.119947514119
23,male,20.698922021009718,0,no,northwest,5371.302787179664
57,male,23.14753709895497,1,yes,southwest,30407.861005210598
18,female,24.368953263901087,0,no,northeast,6216.673290067704
80,female,30.896777881613314,1,no,southwest,15531.187289729342
25,female,30.547647963416207,3,yes,northeast,36887.48236713215
19,male,34.99751271081464,1,no,northwest,10632.109696935886
18,female,15.0,1,no,northeast,7129.732918899503
18,male,33.01790109083666,1,no,northwest,10491.031691377242
56,male,24.874017045123185,0,yes,northeast,44792.18346540995
31,male,28.93074747114519,0,no,northwest,6333.088144021652
63,female,21.556175230648115,1,no,southeast,9450.959303049556
21,female,22.831688634353274,0,yes,northwest,23088.63413507666
21,male,15.0,1,no,southeast,8779.149471620854
41,female,33.486677380515886,0,yes,northeast,48295.035300081276
50,female,19.4907654863251,1,no,northwest,10031.259965862348
18,female,25.549085012578228,0,yes,northeast,21239.951070552583
25,male,31.87093971926599,1,no,southeast,10775.274032142339
80,female,21.147260203376323,2,no,northeast,16194.594919944975
42,male,31.031648813449664,3,no,northeast,14371.567438827979
41,male,22.92672099032856,2,no,northwest,12044.84405542075
80,female,24.62871435200473,0,no,southeast,15172.330426954888
46,female,20.94794380610063,0,no,northeast,13642.211813028809
37,male,17.124023532359576,2,no,northeast,13999.202860657508
28,male,23.2574296833367,0,no,northeast,7604.410873382312
80,female,18.12813915015828,3,no,southeast,20942.894302155248
18,female,19.967705815349486,0,no,southeast,5379.916613591381
51,male,30.623085370935733,1,no,northeast,13622.458683089195
68,female,28.630285147999988,0,no,southeast,18588.01704388573
56,female,19.69786941411634,0,no,northeast,14996.360273954708
18,male,20.975614086528513,0,no,northeast,7982.255341558506
18,male,15.0,0,no,southeast,4765.327766059538
80,male,17.678646908770332,0,no,northwest,16949.295982798827
80,male,35.10799416621684,0,no,northeast,28784.286060374456
37,female,19.851269407160643,2,no,southeast,12853.226452285351
80,male,25.85905601163239,1,yes,southwest,43310.81040902466
26,female,21.2503300824913,1,no,southeast,7185.513842683708
54,male,31.441687147380915,0,no,southeast,13847.804792768324
80,male,21.141470717722637,2,no,southeast,18062.482346809473
52,male,22.185230516852045,0,no,northeast,12511.0996286639
38,male,22.67302690038646,3,no,southwest,10212.692957475387
47,male,15.0,1,no,northwest,12317.491453988378
18,male,36.511585921539954,0,no,northeast,14000.425068826296
41,female,26.36106880994143,0,no,southeast,12896.91800008568
80,male,28.45749857471398,0,no,southwest,16292.587608725487
18,male,16.438346684373638,0,no,southeast,5138.531511818201
44,female,22.09095396405782,4,no,northwest,9425.017400541898
32,female,24.46426378065999,5,no,northeast,13668.644788743688
18,male,18.975507104538888,0,no,southeast,6646.889403765709
52,male,28.633813122217756,1,no,southwest,12789.563263037428
36,male,19.743077043952717,2,yes,northwest,29625.54563515858
18,female,32.61081327550498,0,no,northeast,10757.254426879406
74,male,31.62869035052357,2,yes,northwest,57739.36774868474
45,male,20.307545289773234,1,no,northeast,12403.928367934734
19,female,20.5535067892201,0,no,northeast,5174.238161868038
24,male,26.138752159644397,1,no,southeast,9521.978625795724
18,female,17.356243059785342,0,no,southeast,6171.634894177866
65,female,15.0,0,no,southeast,15709.12629945908
80,female,23.135839174600566,0,no,northwest,17638.955337014253
56,female,19.043061106578968,2,no,southeast,17160.660441849686
59,female,28.826323234208797,1,no,northeast,10395.410524511553
38,male,29.537654980535745,3,no,northeast,14655.40921957723
18,female,30.189240091569374,0,no,southeast,6959.79118677307
74,male,17.795445097123448,0,yes,southwest,33128.50620203366
29,male,26.76965894553928,0,no,southeast,8229.410272801182
18,female,20.87123194460546,0,yes,southeast,20570.381859190864
26,male,24.80474213350297,0,no,southeast,6266.593142120422
52,female,28.330759162598323,1,no,northeast,15467.247980244116
40,male,23.06489221513673,1,yes,northeast,35996.43582551201
26,female,32.81450711584473,1,yes,southwest,34843.83600186354
73,male,16.09214208905398,1,no,northeast,13799.519001443638
80,female,16.91382465035704,1,yes,northeast,51410.09175669017
46,female,24.08712098264792,0,yes,southwest,32676.583997060414
18,male,25.62967708168401,1,no,southwest,9100.396967096955
41,female,26.932480111884466,3,yes,southeast,35272.042192753564
44,female,22.606479836045324,4,no,southeast,19599.261008834816
80,female,24.662502570606136,1,no,southeast,18458.957725660533
32,female,17.644319186445788,2,no,southeast,7920.77567349699
18,male,24.765398785050664,1,no,southeast,6936.390449130454
38,female,15.495341113585251,0,no,southwest,8024.28642288467
47,male,25.57444357781969,2,no,northwest,13314.269000916782
21,male,17.337382603765096,0,no,southeast,6432.0485196326945
31,female,23.216049587348923,0,no,southeast,7941.256166864487
26,male,21.193369813466987,4,no,southeast,14409.444288270235
45,male,24.795689366837856,1,no,northwest,9761.343723509108
19,male,28.50984531589886,2,no,southwest,8596.677344223997
18,male,34.636277161084955,0,no,northwest,11752.237797032016
18,male,28.10860218445136,1,yes,southeast,23570.828235257697
21,male,21.371764079113913,1,no,southeast,7301.340620514986
34,male,29.2954626457845,1,yes,northeast,34902.69195746981
80,female,50.0,1,no,northwest,68658.83286105275
33,female,22.973471207924334,3,yes,southeast,34417.511618535216
39,female,22.809802451568522,3,no,northeast,14483.58704927797
64,male,17.202988944749887,0,no,southeast,15076.547704351453
44,female,18.90680124413227,3,yes,northeast,45135.686627529416
27,female,22.214995441598266,3,no,southeast,10374.047922591939
33,male,27.69533145846124,2,no,southwest,12464.574936692616
23,female,24.631721629517692,0,yes,southwest,21900.47934459767
26,male,24.096151933555163,1,no,southeast,7652.476149001665
18,female,30.566855992463484,0,no,southeast,7401.125330379566
52,female,20.558333054117277,2,yes,southeast,35718.282707857325
27,female,25.10288352806324,5,no,northwest,11024.331185216968
64,female,34.822124522006725,0,no,southeast,21486.441081435336
33,female,15.0,1,yes,northeast,32667.731234149735
80,female,23.007895732466185,1,no,northeast,18699.64475873499
45,male,22.91675259945,0,no,northwest,10787.419871193208
49,male,24.590595065044017,2,no,southeast,12084.761678071962
80,male,16.731533993875207,1,yes,northeast,49362.9522255793
58,female,22.397082445746022,0,no,northwest,10977.12848684276
48,female,29.11792086363309,1,no,southeast,9360.622513207385
31,male,32.21359904835513,0,no,southwest,12433.372962522433
35,male,18.361667621783553,2,no,southeast,12760.99938205881
40,female,21.835281607942267,0,no,southeast,8486.19631059239
25,male,28.940421093918896,1,no,southwest,8803.026177789878
34,male,30.141593643573394,1,no,northeast,12310.578931511087
27,female,21.0570620088263,1,no,southeast,7703.515269765878
18,female,17.800448469092245,0,no,southeast,5060.110655428193
80,male,23.80408688585077,0,no,northeast,19174.235527914083
28,male,31.20687857256192,3,no,southeast,13680.737134446565
18,female,16.1541883782199,0,no,northeast,6895.837774487319
18,female,33.94133841946731,0,no,southeast,8358.303735345555
18,male,17.502152367418063,0,no,southeast,6543.122764591828
18,male,32.536240484911,0,no,northeast,11348.864335515535
33,male,26.899140160570667,1,no,northeast,10775.016789879162
80,female,16.213113469706872,0,no,southeast,12204.795464897805
42,male,16.73881651070699,2,no,southeast,12551.834584828543
22,female,26.265302267598393,1,no,northwest,8379.513108299328
57,male,31.608697268331003,2,no,southwest,16362.537487304146
18,female,40.07446473563069,1,no,southwest,19720.811874581625
21,male,31.092788667483447,0,yes,southwest,33498.75226173277
18,male,29.71354914543816,0,no,southeast,5599.619671544401
42,female,18.460479149263595,3,no,northeast,16844.053791747567
49,female,17.876253098704908,4,no,southwest,15803.318737294005
65,male,27.156222108124364,3,no,southeast,18435.237228050497
35,male,28.702004275805283,2,yes,southwest,21029.50742885215
53,female,40.486833983023715,2,no,northeast,35582.47124552188
35,male,20.610600055106183,0,yes,southwest,19964.57372947415
18,male,25.93793513464383,1,no,southeast,5643.278998660369
19,female,27.625510922884263,1,no,northeast,7427.729897147757
80,male,29.57774266481134,2,no,southeast,22811.319720275944
29,male,24.264709424481026,0,no,southeast,12285.927253637175
18,male,28.45202045191347,1,no,northwest,7401.361404709422
21,female,21.937496129969183,0,no,northeast,8041.849158658147
18,female,16.900209865607895,0,no,northeast,4637.142254729308
18,male,21.77671773239261,2,no,southeast,7000.769267939834
18,male,31.59287434321219,1,yes,southeast,26634.699639657796
21,male,16.821192558115087,1,no,southeast,8023.086343281136
54,female,29.658129351864062,1,no,southwest,10981.680075180846
25,female,26.03922364261455,2,no,southwest,7608.918803825371
18,female,15.0,0,no,southeast,6543.128025727585
80,male,17.121150671954528,2,no,southeast,16779.623965547496
18,male,19.96907991266706,0,no,southeast,5291.751899906523
21,female,24.742867715035064,1,no,southeast,8895.888484493105
47,male,20.936852547467083,1,no,southeast,14493.56876051528
60,female,24.67615707084684,1,no,southeast,16716.97787329011
38,female,26.567405252149573,3,no,southeast,10996.259840591749
61,female,23.793241862782914,0,no,southeast,11345.951141093481
40,female,19.689969236601133,1,no,northwest,10556.139691093196
18,male,27.0302239295869,1,no,northeast,7833.5602523444595
45,female,15.0,1,yes,northwest,25405.94579902847
74,male,26.033261273819626,1,no,northwest,15777.796091806777
41,female,24.230500574421782,3,no,southeast,14989.336396298255
70,female,26.31540233129848,2,yes,southeast,47093.349819282485
19,female,38.87473798489742,0,yes,northeast,58569.68899316162
18,male,35.08664415392478,2,no,southeast,15434.48430034439
20,male,25.468073035819142,0,no,southeast,6644.125129670556
18,male,22.17424459419047,0,no,southwest,6567.096555823849
18,male,27.9481440202492,1,no,southeast,7019.837662969809
18,female,31.024864011650966,0,no,southeast,9036.178284464178
60,female,35.75253167933953,1,no,northwest,16762.16860641416
18,male,17.53126350846566,0,no,northeast,7043.745398847221
18,male,50.0,0,no,southwest,60311.63766723105
38,male,32.05301036371917,3,no,northeast,16985.888076627216
18,female,26.429942227745467,0,no,northwest,5613.305613971296
62,female,27.547582884343633,2,yes,northeast,41576.00538547707
61,female,33.872484582888404,2,yes,northwest,47553.430644993496
80,male,16.57323534140828,1,yes,southeast,37113.006079721956
18,female,30.25543705024499,1,no,northwest,8055.849224122051
53,male,24.783319277882388,3,yes,southeast,19356.223899183686
53,male,17.224330575626627,0,no,northeast,12437.32068309167
76,female,34.74209242206885,1,no,northeast,26751.841908145863
43,female,19.997073332658175,1,yes,southwest,31674.74796851137
18,female,25.583974768051867,0,yes,northeast,21454.01688477627
18,male,23.27574057260502,0,no,southwest,6853.809004183696
80,female,18.337767333670513,0,no,northwest,14409.473979232871
23,male,20.26152439050396,0,no,northeast,7967.079678033777
60,male,23.09943620112918,2,yes,northwest,20459.76905239844
45,female,25.702737397741814,0,yes,northwest,36218.90358902329
80,male,18.378926262515012,1,no,southeast,21504.37312530541
18,male,24.578742586157805,1,no,southeast,5411.190129687391
25,male,15.349604496924954,1,no,northeast,10614.323667378278
18,female,17.492131833562443,2,no,northeast,7130.389354493137
46,female,24.627127839799712,1,no,southwest,11430.825503180595
76,female,23.512709595391506,2,no,southwest,18912.140629011574
24,male,21.31179645813507,0,no,northeast,9211.191355314018
32,female,22.458367743176705,1,no,southeast,7791.566272825313
18,male,25.553578617921623,1,no,southwest,7290.172639538017
18,female,23.387257677661808,0,no,northeast,4235.163670083455
64,male,31.542920077897758,1,no,southeast,13769.721213799929
46,female,22.5100466938893,2,no,northeast,12891.373599294622
23,female,17.178703155980156,0,no,southeast,6106.393142448582
